0.011111111,0.0015827508,0.2,0.02848951,0,0,0,0
0.020833334,0.002967658,0.2,0.02848951,0,0,0,0
0.031944446,0.004550408,0.2,0.02848951,0,0,0,0
0.041666668,0.0059353136,0.2,0.02848951,0,0,0,0
0.05138889,0.007320219,0.2,0.02848951,0,0,0,0
0.06111111,0.008705125,0.2,0.02848951,0,0,0,0
0.070833355,0.010090031,0.2,0.02848951,0,0,0,0
0.0805556,0.011474936,0.2,0.02848951,0,0,0,0
0.09166674,0.013057685,0.2,0.02848951,0,0,0,0
0.10138899,0.014442591,0.2,0.02848951,0,0,0,0
0.11111124,0.015827497,0.2,0.02848951,0,0,0,0
0.12083349,0.01721241,0.2,0.02848951,0,0,0,0
0.13194463,0.018795166,0.2,0.02848951,0,-0.020833334,0,-1
0.14166687,0.020180078,0.2,0.02848951,0,-0.045138896,0,-1
0.15138912,0.02156499,0.2,0.02848951,0,-0.052083343,0,0
0.16111137,0.022949902,0.2,0.02848951,0,-0.052083343,0,0
0.17083362,0.024334814,0.2,0.02848951,0,-0.052083343,0,0
0.18194476,0.025917571,0.2,0.02848951,0,-0.038194448,0,1
0.191667,0.027302483,0.2,0.02848951,0,-0.01388889,0,1
0.20138925,0.028687395,0.2,0.02848951,0,0.010416665,0,1
0.2111115,0.030072307,0.2,0.02848951,0,0.03472222,0,1
0.22083375,0.031457216,0.2,0.02848951,0,0.03472222,0,0
0.23194489,0.033039957,0.2,0.02848951,0,0.03472222,0,0
0.24166714,0.034424856,0.2,0.02848951,0,0.03472222,0,0
0.25138935,0.035809755,0.2,0.02848951,0,0.03472222,0,0
0.2611115,0.037194654,0.2,0.02848951,0,0.03472222,0,0
0.27083364,0.038579553,0.2,0.02848951,0,0.03472222,0,0
0.28194466,0.040162295,0.2,0.02848951,0,0.03472222,0,0
0.2916668,0.041547194,0.2,0.02848951,0,0.03472222,0,0
0.30138895,0.042932093,0.2,0.02848951,0,0.03472222,0,0
0.3111111,0.044316992,0.2,0.02848951,0,0.03472222,0,0
0.32083324,0.04570189,0.2,0.02848951,0,0.03472222,0,0
0.33194426,0.047284633,0.2,0.02848951,0,0.03472222,0,0
0.3416664,0.048669532,0.2,0.02848951,0,0.03472222,0,0
0.35138854,0.05005443,0.2,0.02848951,0,0.03472222,0,0
0.3611107,0.05143933,0.2,0.02848951,0,0.03472222,0,0
0.37083283,0.05282423,0.2,0.02848951,0,0.03472222,0,0
0.38194385,0.05440697,0.2,0.02848951,0,0.03472222,0,0
0.37531948,0.05712677,-0.25,0.06693479,0,0.03472222,0,0
0.36316675,0.060380533,-0.25,0.06693479,0,0.03472222,0,0
0.35101402,0.063634306,-0.25,0.06693479,0,0.03472222,0,0
0.3388613,0.066888094,-0.25,0.06693479,0,0.03472222,0,0
0.32497245,0.07060671,-0.25,0.06693479,0,0.03472222,0,0
0.31281972,0.0738605,-0.25,0.06693479,0,0.03472222,0,0
0.300667,0.077114284,-0.25,0.06693479,0.0069444445,0.03472222,1,0
0.28851426,0.08036807,-0.25,0.06693479,0.03125,0.03472222,1,0
0.27462718,0.08408621,-0.25,0.06693479,0.059024233,0.03472222,1,0
0.26247445,0.08734,-0.25,0.06693479,0.0833298,0.03472222,1,0
0.25032172,0.090593785,-0.25,0.06693479,0.09374647,0.03472222,0,0
0.23816898,0.09384757,-0.25,0.06693479,0.09374647,0.03472222,0,0
0.22601625,0.09710136,-0.25,0.06693479,0.09374647,0.03472222,0,0
0.21386352,0.10035515,-0.25,0.06693479,0.118052036,0.03472222,1,0
0.19997469,0.10407376,-0.25,0.06693479,0.14582983,0.03472222,1,0
0.18782195,0.10732755,-0.25,0.06693479,0.1701354,0.03472222,1,0
0.17566922,0.11058134,-0.25,0.06693479,0.1701354,0.03472222,0,0
0.16351649,0.113835126,-0.25,0.06693479,0.1701354,0.03472222,0,0
0.15136376,0.117088914,-0.25,0.06693479,0.17707984,0.03472222,1,0
0.13747492,0.12080753,-0.25,0.06693479,0.20485763,0.03472222,1,0
0.1253222,0.124061316,-0.25,0.06693479,0.2291632,0.03472222,1,0
0.11316941,0.1273151,-0.25,0.06693479,0.24652432,0.03472222,0,0
0.101016626,0.13056889,-0.25,0.06693479,0.24652432,0.03472222,0,0
0.08712773,0.1342875,-0.25,0.06693479,0.24652432,0.03472222,0,0
0.07497495,0.1375413,-0.25,0.06693479,0.24652432,0.03472222,0,0
0.06282216,0.14079508,-0.25,0.06693479,0.24652432,0.03472222,0,0
0.05066938,0.14404887,-0.25,0.06693479,0.24652432,0.03472222,0,0
0.038516596,0.14730266,-0.25,0.06693479,0.24652432,0.03472222,0,0
0.026363812,0.15055645,-0.25,0.06693479,0.24652432,0.03472222,0,0
0.012474919,0.15427506,-0.25,0.06693479,0.24652432,0.03472222,0,0
0.00032214157,0.15752885,-0.25,0.06693479,0.24652432,0.03472222,0,0
-0.011830636,0.16078264,-0.25,0.06693479,0.24652432,0.03472222,0,0
-0.023983417,0.16403642,-0.25,0.06693479,0.24652432,0.03472222,0,0
-0.0361362,0.16729021,-0.25,0.06693479,0.24652432,0.03472222,0,0
-0.048288982,0.170544,-0.25,0.06693479,0.24652432,0.03472222,0,0
-0.062177878,0.17426261,-0.25,0.06693479,0.24652432,0.03472222,0,0
-0.07433066,0.1775164,-0.25,0.06693479,0.24652432,0.03472222,0,0
-0.08648344,0.18077019,-0.25,0.06693479,0.24652432,0.03472222,0,0
-0.098636225,0.18402398,-0.25,0.06693479,0.24652432,0.03472222,0,0
-0.11252512,0.18774259,-0.25,0.06693479,0.24652432,0.03472222,0,0
-0.124677904,0.19099638,-0.25,0.06693479,0.24652432,0.03472222,0,0
-0.13683064,0.19425017,-0.25,0.06693479,0.24652432,0.03472222,0,0
-0.14898337,0.19750395,-0.25,0.06693479,0.24652432,0.03472222,0,0
-0.1611361,0.20075774,-0.25,0.06693479,0.24652432,0.03472222,0,0
-0.17502494,0.20447636,-0.25,0.06693479,0.22221875,0.03472222,-1,0
-0.18717767,0.20773014,-0.25,0.06693479,0.19791318,0.03472222,-1,0
-0.1993304,0.21098393,-0.25,0.06693479,0.17360762,0.03472222,-1,0
-0.21148314,0.21423772,-0.25,0.06693479,0.15277427,0.03472222,0,0
-0.22363587,0.21749151,-0.25,0.06693479,0.15277427,0.03472222,0,0
-0.2375247,0.22121012,-0.25,0.06693479,0.15277427,0.03472222,0,0
-0.24967743,0.22446391,-0.25,0.06693479,0.15277427,0.03472222,0,0
-0.26183018,0.2277177,-0.25,0.06693479,0.15277427,0.03472222,0,0
-0.2739829,0.23097149,-0.25,0.06693479,0.15277427,0.03472222,0,0
-0.28613564,0.23422527,-0.25,0.06693479,0.17360762,0.03472222,1,0
-0.30002448,0.23794389,-0.25,0.06693479,0.19096874,0.03472222,0,0
-0.3121772,0.24119768,-0.25,0.06693479,0.19096874,0.03472222,0,0
-0.32432994,0.24445146,-0.25,0.06693479,0.19096874,0.03472222,0,0
-0.33648267,0.24770525,-0.25,0.06693479,0.19096874,0.03472222,0,0
-0.3486354,0.25095904,-0.25,0.06693479,0.19096874,0.03472222,0,0
-0.36252424,0.25467765,-0.25,0.06693479,0.19096874,0.03472222,0,0
-0.37467697,0.25793144,-0.25,0.06693479,0.19096874,0.03472222,0,0
-0.38182986,0.26273867,0.3125,0.29063192,0.19096874,0.03472222,0,0
-0.36663884,0.27686659,0.3125,0.29063192,0.19096874,0.03472222,0,0
-0.35144782,0.2909945,0.3125,0.29063192,0.19096874,0.03472222,0,0
-0.33408666,0.30714068,0.3125,0.29063192,0.20485763,0.03472222,1,0
-0.31889564,0.3212686,0.3125,0.29063192,0.22569098,0.03472222,0,0
-0.30370462,0.3353965,0.3125,0.29063192,0.22569098,0.03472222,0,0
-0.2885136,0.3495244,0.3125,0.29063192,0.22569098,0.03472222,0,0
-0.27332258,0.36365232,0.3125,0.29063192,0.22569098,0.03472222,0,0
-0.25596142,0.3797985,0.3125,0.29063192,0.22569098,0.03472222,0,0
-0.2407704,0.3939264,0.3125,0.29063192,0.22569098,0.04513889,0,1
-0.22557938,0.40805432,0.3125,0.29063192,0.22569098,0.069444455,0,1
-0.21038836,0.42218223,0.3125,0.29063192,0.22569098,0.09375002,0,1
-0.19519734,0.43631014,0.3125,0.29063192,0.22569098,0.11805559,0,1
-0.17783618,0.45245633,0.3125,0.29063192,0.22569098,0.14236115,0,0
-0.16264516,0.46658424,0.3125,0.29063192,0.22569098,0.14236115,0,0
-0.14745414,0.48071215,0.3125,0.29063192,0.22569098,0.14236115,0,0
-0.13226312,0.47692692,0.3125,-0.29063192,0.22569098,0.14236115,0,0
-0.117072135,0.462799,0.3125,-0.29063192,0.22569098,0.14236115,0,0
-0.09971103,0.44665283,0.3125,-0.29063192,0.22569098,0.14236115,0,0
-0.084520064,0.43252492,0.3125,-0.29063192,0.22569098,0.14236115,0,0
-0.0693291,0.418397,0.3125,-0.29063192,0.22569098,0.14236115,0,0
-0.05413813,0.4042691,0.3125,-0.29063192,0.22569098,0.14236115,0,0
-0.038947165,0.3901412,0.3125,-0.29063192,0.22569098,0.14236115,0,0
-0.02158606,0.373995,0.3125,-0.29063192,0.22569098,0.14236115,0,0
-0.0063950894,0.3598671,0.3125,-0.29063192,0.22569098,0.14236115,0,0
0.0087958835,0.3457392,0.3125,-0.29063192,0.22569098,0.14236115,0,0
0.023986854,0.33161128,0.3125,-0.29063192,0.22569098,0.14236115,0,0
0.03917782,0.31748337,0.3125,-0.29063192,0.22569098,0.14236115,0,0
0.056538925,0.30133718,0.3125,-0.29063192,0.22569098,0.14236115,0,0
0.07172989,0.28720927,0.3125,-0.29063192,0.22569098,0.14236115,0,0
0.08692086,0.27308136,0.3125,-0.29063192,0.22569098,0.14236115,0,0
0.102111824,0.25895345,0.3125,-0.29063192,0.22569098,0.14236115,0,0
0.11730279,0.24482554,0.3125,-0.29063192,0.22569098,0.14236115,0,0
0.13249378,0.23069763,0.3125,-0.29063192,0.22569098,0.14236115,0,0
0.14985494,0.21455145,0.3125,-0.29063192,0.22569098,0.14236115,0,0
0.16504596,0.20042354,0.3125,-0.29063192,0.22569098,0.14236115,0,0
0.18023698,0.18629563,0.3125,-0.29063192,0.22569098,0.14236115,0,0
0.195428,0.17216772,0.3125,-0.29063192,0.22569098,0.14236115,0,0
0.21278916,0.15602154,0.3125,-0.29063192,0.22569098,0.14236115,0,0
0.22798018,0.14189363,0.3125,-0.29063192,0.22569098,0.14236115,0,0
0.2431712,0.12776572,0.3125,-0.29063192,0.22569098,0.14236115,0,0
0.2583622,0.11363776,0.3125,-0.29063192,0.22569098,0.14236115,0,0
0.27355322,0.0995098,0.3125,-0.29063192,0.22569098,0.14236115,0,0
0.2909144,0.083363555,0.3125,-0.29063192,0.22569098,0.12500003,0,-1
0.3061054,0.06923559,0.3125,-0.29063192,0.22569098,0.10069446,0,-1
0.32129642,0.055107646,0.3125,-0.29063192,0.22569098,0.076388896,0,-1
0.33648744,0.04097971,0.3125,-0.29063192,0.22569098,0.065972224,0,0
0.35167846,0.026851773,0.3125,-0.29063192,0.22569098,0.065972224,0,0
0.36903962,0.010705558,0.3125,-0.29063192,0.22569098,0.065972224,0,0
0.384,-0.0034223842,-0.390625,-0.36143023,0.22569098,0.065972224,0,0
0.36501133,-0.02099191,-0.390625,-0.36143023,0.22569098,0.065972224,0,0
0.34602267,-0.03856144,-0.390625,-0.36143023,0.22569098,0.065972224,0,0
0.32703462,-0.05613041,-0.390625,-0.36143023,0.22569098,0.065972224,0,0
0.3080472,-0.07369882,-0.390625,-0.36143023,0.22569098,0.065972224,0,0
0.2863473,-0.093777,-0.390625,-0.36143023,0.22569098,0.065972224,0,0
0.26735988,-0.11134541,-0.390625,-0.36143023,0.20138697,0.065972224,-1,0
0.24837245,-0.12891382,-0.390625,-0.36143023,0.17708297,0.065972224,-1,0
0.22938493,-0.14648223,-0.390625,-0.36143023,0.15277897,0.065972224,-1,0
0.2076849,-0.16656041,-0.390625,-0.36143023,0.12500297,0.065972224,-1,0
0.18869738,-0.18412882,-0.390625,-0.36143023,0.10069896,0.065972224,-1,0
0.16970986,-0.20169723,-0.390625,-0.36143023,0.07639496,0.065972224,-1,0
0.15072234,-0.21926564,-0.390625,-0.36143023,0.052090958,0.065972224,-1,0
0.13173482,-0.23683405,-0.390625,-0.36143023,0.027786955,0.065972224,-1,0
0.11003479,-0.25691223,-0.390625,-0.36143023,1.09537505E-05,0.065972224,-1,0
0.09104727,-0.27448064,-0.390625,-0.36143023,-0.024293046,0.065972224,-1,0
0.07205975,-0.29204905,-0.390625,-0.36143023,-0.04859705,0.065972224,-1,0
0.053072244,-0.30961746,-0.390625,-0.36143023,-0.07290105,0.065972224,-1,0
0.03408475,-0.32718587,-0.390625,-0.36143023,-0.09720505,0.065972224,-1,0
0.012384754,-0.34726405,-0.390625,-0.36143023,-0.12498105,0.065972224,-1,0
-0.0066027446,-0.36483246,-0.390625,-0.36143023,-0.14928505,0.065972224,-1,0
-0.025590241,-0.38240087,-0.390625,-0.36143023,-0.17358905,0.065972224,-1,0
-0.044577736,-0.39996928,-0.390625,-0.36143023,-0.19789305,0.065972224,-1,0
-0.06356523,-0.4175377,-0.390625,-0.36143023,-0.22219706,0.065972224,-1,0
-0.08526526,-0.43761587,-0.390625,-0.36143023,-0.24997306,0.065972224,-1,0
-0.10425278,-0.45518428,-0.390625,-0.36143023,-0.27427706,0.065972224,-1,0
-0.1232403,-0.4727527,-0.390625,-0.36143023,-0.29858106,0.065972224,-1,0
-0.14222781,-0.47998047,-0.390625,0.36143023,-0.32288507,0.065972224,-1,0
-0.16121534,-0.46241206,-0.390625,0.36143023,-0.34718907,0.065972224,-1,0
-0.18291536,-0.44233388,-0.390625,0.36143023,-0.37149307,0.065972224,0,0
-0.20190288,-0.42476547,-0.390625,0.36143023,-0.37149307,0.065972224,0,0
-0.2208904,-0.40719706,-0.390625,0.36143023,-0.37149307,0.065972224,0,0
-0.23987792,-0.38962865,-0.390625,0.36143023,-0.37149307,0.065972224,0,0
-0.2588654,-0.37206024,-0.390625,0.36143023,-0.35413307,0.065972224,1,0
-0.2778528,-0.35449183,-0.390625,0.36143023,-0.32982907,0.065972224,1,0
-0.2995527,-0.33441365,-0.390625,0.36143023,-0.30205306,0.065972224,1,0
-0.31854013,-0.31684524,-0.390625,0.36143023,-0.28122106,0.065972224,0,0
-0.33752754,-0.29927683,-0.390625,0.36143023,-0.28122106,0.065972224,0,0
-0.35651496,-0.28170842,-0.390625,0.36143023,-0.28122106,0.065972224,0,0
-0.37821487,-0.26163024,-0.390625,0.36143023,-0.28122106,0.065972224,0,0
-0.37043756,-0.24919666,0.48828125,0.17656343,-0.28122106,0.065972224,0,0
-0.3467033,-0.2406143,0.48828125,0.17656343,-0.28122106,0.065972224,0,0
-0.32296902,-0.23203193,0.48828125,0.17656343,-0.26386106,0.065972224,1,0
-0.29923475,-0.22344956,0.48828125,0.17656343,-0.23955706,0.065972224,1,0
-0.27210987,-0.21364114,0.48828125,0.17656343,-0.21178105,0.065972224,1,0
-0.24837558,-0.20505877,0.48828125,0.17656343,-0.20830905,0.065972224,0,0
-0.2246412,-0.1964764,0.48828125,0.17656343,-0.20830905,0.065972224,0,0
-0.20090683,-0.18789403,0.48828125,0.17656343,-0.20830905,0.065972224,0,0
-0.17717245,-0.17931166,0.48828125,0.17656343,-0.20830905,0.065972224,0,0
-0.15343808,-0.1707293,0.48828125,0.17656343,-0.20830905,0.065972224,0,0
-0.12631308,-0.16092087,0.48828125,0.17656343,-0.20830905,0.06250022,0,-1
-0.1025787,-0.1523385,0.48828125,0.17656343,-0.20830905,0.03819622,0,-1
-0.078844324,-0.14375614,0.48828125,0.17656343,-0.20830905,0.0138922185,0,-1
-0.055109948,-0.13517377,0.48828125,0.17656343,-0.20830905,-0.010411781,0,-1
-0.027984947,-0.12536535,0.48828125,0.17656343,-0.20830905,-0.038187783,0,-1
-0.004250571,-0.11678298,0.48828125,0.17656343,-0.20830905,-0.062491786,0,-1
0.019483803,-0.10820061,0.48828125,0.17656343,-0.20830905,-0.086795785,0,-1
0.043218177,-0.09961824,0.48828125,0.17656343,-0.20830905,-0.086795785,0,0
0.06695255,-0.09103587,0.48828125,0.17656343,-0.20830905,-0.086795785,0,0
0.09407755,-0.08122745,0.48828125,0.17656343,-0.20830905,-0.086795785,0,0
0.117811926,-0.07264508,0.48828125,0.17656343,-0.20830905,-0.086795785,0,0
0.1415463,-0.064062715,0.48828125,0.17656343,-0.20830905,-0.086795785,0,0
0.16528067,-0.055480324,0.48828125,0.17656343,-0.20830905,-0.086795785,0,0
0.18901505,-0.04689793,0.48828125,0.17656343,-0.20830905,-0.086795785,0,0
0.21614005,-0.03708948,0.48828125,0.17656343,-0.20830905,-0.086795785,0,0
0.23987442,-0.028507084,0.48828125,0.17656343,-0.20830905,-0.086795785,0,0
0.26360872,-0.01992469,0.48828125,0.17656343,-0.20830905,-0.086795785,0,0
0.287343,-0.0113422945,0.48828125,0.17656343,-0.20830905,-0.086795785,0,0
0.31446788,-0.0015338436,0.48828125,0.17656343,-0.20830905,-0.086795785,0,0
0.33820215,0.007048551,0.48828125,0.17656343,-0.20830905,-0.079851784,0,1
0.36193642,0.015630946,0.48828125,0.17656343,-0.20830905,-0.05554778,0,1
0.384,0.02421334,-0.61035156,0.45131117,-0.20830905,-0.031243779,0,1
0.35433206,0.04615067,-0.61035156,0.45131117,-0.20830905,-0.0069397767,0,1
0.32466412,0.068088,-0.61035156,0.45131117,-0.20830905,0.017364223,0,1
0.2907579,0.093159266,-0.61035156,0.45131117,-0.20830905,0.045140225,0,1
0.26108995,0.11509662,-0.61035156,0.45131117,-0.20830905,0.069444224,0,1
0.231422,0.13703397,-0.61035156,0.45131117,-0.20830905,0.09374823,0,1
0.20175406,0.15897132,-0.61035156,0.45131117,-0.20830905,0.11805223,0,1
0.17208612,0.18090868,-0.61035156,0.45131117,-0.18400505,0.14235623,1,1
0.1381799,0.20597994,-0.61035156,0.45131117,-0.15622905,0.17013223,1,1
0.108511955,0.2279173,-0.61035156,0.45131117,-0.13192505,0.19443624,1,1
0.07884401,0.24985465,-0.61035156,0.45131117,-0.107621044,0.21874024,1,1
0.049176052,0.2717919,-0.61035156,0.45131117,-0.08331704,0.22915624,1,0
0.019508082,0.29372916,-0.61035156,0.45131117,-0.05901304,0.22915624,1,0
-0.014398167,0.3188003,-0.61035156,0.45131117,-0.031237036,0.22915624,1,0
-0.044066135,0.34073755,-0.61035156,0.45131117,-0.006933034,0.22915624,1,0
-0.0737341,0.3626748,-0.61035156,0.45131117,0.017370965,0.22915624,1,0
-0.10340204,0.38461205,-0.61035156,0.45131117,0.041674968,0.22915624,1,0
-0.13306999,0.4065493,-0.61035156,0.45131117,0.06597897,0.22915624,1,0
-0.16697621,0.43162045,-0.61035156,0.45131117,0.09375497,0.22915624,1,0
-0.19664416,0.4535577,-0.61035156,0.45131117,0.11805897,0.22915624,1,0
-0.2263121,0.47549495,-0.61035156,0.45131117,0.14236297,0.22915624,1,0
-0.25598004,0.47559834,-0.61035156,-0.45131117,0.16666697,0.22915624,1,0
-0.285648,0.45366108,-0.61035156,-0.45131117,0.19097097,0.22915624,1,0
-0.3195542,0.42858994,-0.61035156,-0.45131117,0.21874698,0.22915624,1,0
-0.34922215,0.4066527,-0.61035156,-0.45131117,0.24305098,0.22915624,1,0
-0.3788901,0.38471544,-0.61035156,-0.45131117,0.26735497,0.22915624,1,0
-0.37870216,0.37025207,0.76293945,0.625,0.29165897,0.22915624,1,0
-0.3416173,0.40063202,0.76293945,0.625,0.31596297,0.22915624,1,0
-0.29923457,0.43535197,0.76293945,0.625,0.34373897,0.22915624,1,0
-0.2621497,0.46573192,0.76293945,0.625,0.36804298,0.22915624,1,0
-0.22506474,0.47632003,0.76293945,-0.625,0.39234698,0.22915624,1,0
-0.18797976,0.44594008,0.76293945,-0.625,0.41665098,0.22915624,1,0
-0.15089478,0.41556013,0.76293945,-0.625,0.425,0.22915624,0,0
-0.10851194,0.38084018,0.76293945,-0.625,0.425,0.22915624,0,0
-0.07142696,0.35046023,0.76293945,-0.625,0.425,0.22915624,0,0
-0.034342,0.32008028,0.76293945,-0.625,0.425,0.22915624,0,0
0.0027429583,0.28970033,0.76293945,-0.625,0.425,0.22915624,0,0
0.039827917,0.25932038,0.76293945,-0.625,0.425,0.22915624,0,0
0.082210734,0.22460043,0.76293945,-0.625,0.425,0.21526824,0,-1
0.11929572,0.19422048,0.76293945,-0.625,0.425,0.19096424,0,-1
0.1563807,0.16384053,0.76293945,-0.625,0.425,0.16666023,0,-1
0.19346568,0.13346058,0.76293945,-0.625,0.425,0.14235623,0,-1
0.23055066,0.103080586,0.76293945,-0.625,0.425,0.11805223,0,-1
0.27293342,0.06836058,0.76293945,-0.625,0.425,0.09027623,0,-1
0.3100183,0.03798058,0.76293945,-0.625,0.425,0.065972224,0,-1
0.34710318,0.007600576,0.76293945,-0.625,0.425,0.04166822,0,-1
0.384,-0.022779426,-0.9536743,-0.51045287,0.425,0.017364219,0,-1
0.3376438,-0.047591515,-0.9536743,-0.51045287,0.400696,-0.0069397814,-1,-1
0.2846653,-0.075948186,-0.9536743,-0.51045287,0.37292,-0.034715783,-1,-1
0.23830909,-0.10076027,-0.9536743,-0.51045287,0.348616,-0.059019785,-1,-1
0.19195288,-0.12557237,-0.9536743,-0.51045287,0.324312,-0.083323784,-1,-1
0.14559668,-0.15038446,-0.9536743,-0.51045287,0.300008,-0.10762779,-1,-1
0.09924048,-0.17519654,-0.9536743,-0.51045287,0.275704,-0.13193178,-1,-1
0.046261966,-0.20355321,-0.9536743,-0.51045287,0.247928,-0.15970778,-1,-1
-9.423494E-05,-0.2283653,-0.9536743,-0.51045287,0.22362399,-0.18401179,-1,-1
-0.046450436,-0.2531774,-0.9536743,-0.51045287,0.19931999,-0.20831579,-1,-1
-0.09280664,-0.2779896,-0.9536743,-0.51045287,0.17501599,-0.23261979,-1,-1
-0.14578515,-0.3063464,-0.9536743,-0.51045287,0.14723998,-0.2603958,-1,-1
-0.19214135,-0.33115858,-0.9536743,-0.51045287,0.12293598,-0.2846998,-1,-1
-0.23849756,-0.35597077,-0.9536743,-0.51045287,0.09863198,-0.3090038,-1,-1
-0.28485376,-0.38078296,-0.9536743,-0.51045287,0.074327976,-0.3333078,-1,-1
-0.33120996,-0.40559515,-0.9536743,-0.51045287,0.050023973,-0.3402518,-1,0
-0.37756616,-0.43040735,-0.9536743,-0.51045287,0.02571997,-0.3402518,-1,0
-0.42392236,-0.45521954,-0.9536743,-0.51045287,0.0014159689,-0.3402518,-1,0
-0.47690088,-0.48357633,-0.9536743,-0.51045287,-0.026360033,-0.3402518,-1,0
-0.0055552,0.00037573391,-0.2,0.013527287,-0.050664034,-0.3402518,-1,0
-0.015276802,0.0010332683,-0.2,0.013527287,-0.07496803,-0.3402518,-1,0
-0.026387198,0.0017847357,-0.2,0.013527287,-0.102744035,-0.3402518,-1,0
-0.036108796,0.0024422698,-0.2,0.013527287,-0.12704803,-0.3402518,-1,0
-0.04583039,0.0030998038,-0.2,0.013527287,-0.13399203,-0.3402518,0,0
-0.055551987,0.0037573378,-0.2,0.013527287,-0.13399203,-0.3402518,0,0
-0.06527359,0.004414873,-0.2,0.013527287,-0.10968803,-0.3402518,1,0
-0.076384015,0.0051663425,-0.2,0.013527287,-0.081912026,-0.3402518,1,0
-0.08610564,0.005823878,-0.2,0.013527287,-0.057608023,-0.3402518,1,0
-0.09582726,0.0064814137,-0.2,0.013527287,-0.03330402,-0.3402518,1,0
-0.10554888,0.0071389494,-0.2,0.013527287,-0.009000018,-0.3402518,1,0
-0.1152705,0.007796485,-0.2,0.013527287,-0.0055280183,-0.3402518,0,0
-0.12638092,0.008547951,-0.2,0.013527287,-0.0055280183,-0.3402518,0,0
-0.13610254,0.009205483,-0.2,0.013527287,-0.0055280183,-0.3402518,0,0
-0.14582416,0.009863015,-0.2,0.013527287,-0.0055280183,-0.3402518,0,0
-0.15554579,0.010520548,-0.2,0.013527287,-0.0055280183,-0.3402518,0,0
-0.16526741,0.01117808,-0.2,0.013527287,-0.0055280183,-0.3402518,0,0
-0.17498903,0.011835612,-0.2,0.013527287,-0.0055280183,-0.3402518,0,0
-0.18609945,0.012587078,-0.2,0.013527287,-0.0055280183,-0.3402518,0,0
-0.19582108,0.01324461,-0.2,0.013527287,-0.0055280183,-0.3402518,0,0
-0.2055427,0.013902143,-0.2,0.013527287,-0.0055280183,-0.3402518,0,0
-0.21526432,0.014559675,-0.2,0.013527287,-0.0055280183,-0.3402518,0,0
-0.22498594,0.015217207,-0.2,0.013527287,-0.0055280183,-0.3402518,0,0
-0.23609637,0.015968673,-0.2,0.013527287,-0.0055280183,-0.3402518,0,0
-0.24581799,0.016626205,-0.2,0.013527287,-0.0055280183,-0.3402518,0,0
-0.25553957,0.017283738,-0.2,0.013527287,-0.0055280183,-0.3402518,0,0
-0.26526108,0.01794127,-0.2,0.013527287,-0.0055280183,-0.3402518,0,0
-0.2749826,0.018598802,-0.2,0.013527287,-0.0055280183,-0.3402518,0,0
-0.2860929,0.019350268,-0.2,0.013527287,-0.0055280183,-0.3402518,0,0
-0.29581442,0.0200078,-0.2,0.013527287,-0.0055280183,-0.3402518,0,0
-0.30553594,0.020665333,-0.2,0.013527287,-0.0055280183,-0.3402518,0,0
-0.31525746,0.021322865,-0.2,0.013527287,-0.0055280183,-0.3402518,0,0
-0.32636777,0.02207433,-0.2,0.013527287,-0.0055280183,-0.3402518,0,0
-0.33608928,0.022731863,-0.2,0.013527287,-0.0055280183,-0.3402518,0,0
-0.3458108,0.023389395,-0.2,0.013527287,-0.0055280183,-0.3402518,0,0
-0.35553232,0.024046928,-0.2,0.013527287,-0.0055280183,-0.3402518,0,0
-0.36525384,0.02470446,-0.2,0.013527287,-0.0055280183,-0.3402518,0,0
-0.37497535,0.025361992,-0.2,0.013527287,-0.0055280183,-0.3402518,0,0
-0.38226402,0.026749745,0.25,0.10515847,-0.0055280183,-0.3402518,0,0
-0.37011212,0.031861287,0.25,0.10515847,-0.0055280183,-0.3402518,0,0
-0.35796022,0.03697283,0.25,0.10515847,-0.0055280183,-0.3402518,0,0
-0.34580833,0.04208437,0.25,0.10515847,-0.0055280183,-0.3402518,0,0
-0.33365643,0.04719591,0.25,0.10515847,-0.0055280183,-0.3402518,0,0
-0.31976855,0.053037673,0.25,0.10515847,-0.0055280183,-0.3402518,0,0
-0.30761665,0.058149215,0.25,0.10515847,-0.0055280183,-0.3402518,0,0
-0.29546475,0.063260764,0.25,0.10515847,-0.0055280183,-0.3159478,0,1
-0.28331286,0.06837233,0.25,0.10515847,-0.0055280183,-0.2916438,0,1
-0.27116096,0.0734839,0.25,0.10515847,-0.0055280183,-0.2673398,0,1
-0.25727308,0.07932569,0.25,0.10515847,-0.0055280183,-0.2395638,0,1
-0.24512114,0.08443726,0.25,0.10515847,-0.0055280183,-0.21525979,0,1
-0.23296914,0.089548826,0.25,0.10515847,-0.0055280183,-0.19095579,0,1
-0.22081713,0.094660394,0.25,0.10515847,-0.0055280183,-0.16665179,0,1
-0.20866513,0.09977196,0.25,0.10515847,-0.0055280183,-0.14234778,0,1
-0.19477713,0.10561375,0.25,0.10515847,-0.0055280183,-0.11457178,0,1
-0.18262513,0.11072532,0.25,0.10515847,-0.0055280183,-0.09026778,0,1
-0.17047313,0.11583689,0.25,0.10515847,-0.0055280183,-0.065963775,0,1
-0.15832113,0.120948456,0.25,0.10515847,-0.0055280183,-0.041659772,0,1
-0.14443313,0.12679023,0.25,0.10515847,-0.0055280183,-0.0138837695,0,1
-0.13228112,0.13190174,0.25,0.10515847,-0.0055280183,0.01042023,0,1
-0.12012912,0.13701326,0.25,0.10515847,-0.0055280183,0.03472423,0,1
-0.10797712,0.14212477,0.25,0.10515847,-0.0055280183,0.059028234,0,1
-0.09582512,0.14723629,0.25,0.10515847,-0.0055280183,0.08333223,0,1
-0.08367312,0.1523478,0.25,0.10515847,-0.0055280183,0.107636236,0,1
-0.06978512,0.15818954,0.25,0.10515847,-0.0055280183,0.13541223,0,1
-0.057633117,0.16330105,0.25,0.10515847,-0.0055280183,0.15971623,0,1
-0.045481116,0.16841257,0.25,0.10515847,-0.0055280183,0.18402024,0,1
-0.033329114,0.17352408,0.25,0.10515847,-0.0055280183,0.20832424,0,1
-0.021177113,0.1786356,0.25,0.10515847,-0.0055280183,0.23262824,0,1
-0.0072891116,0.18447733,0.25,0.10515847,-0.0055280183,0.26040423,0,1
0.0048628883,0.18958884,0.25,0.10515847,-0.0055280183,0.28470823,0,1
0.017014889,0.19470036,0.25,0.10515847,-0.0055280183,0.30901223,0,1
0.02916689,0.19981188,0.25,0.10515847,-0.0055280183,0.33331624,0,1
0.04131889,0.20492339,0.25,0.10515847,-0.0055280183,0.35762024,0,1
0.05520689,0.21076512,0.25,0.10515847,-0.0055280183,0.38539624,0,1
0.06735889,0.21587664,0.25,0.10515847,-0.0055280183,0.40970024,0,1
0.07951089,0.22098815,0.25,0.10515847,-0.0055280183,0.425,0,1
0.09166289,0.22609967,0.25,0.10515847,-0.0055280183,0.425,0,1
0.10381489,0.23121119,0.25,0.10515847,-0.0055280183,0.425,0,0
0.117702894,0.23705292,0.25,0.10515847,-0.0055280183,0.425,0,0
0.12985489,0.24216443,0.25,0.10515847,-0.0055280183,0.425,0,0
0.14200689,0.24727595,0.25,0.10515847,-0.0055280183,0.425,0,0
0.15415889,0.25238746,0.25,0.10515847,-0.0055280183,0.425,0,0
0.16631089,0.25749898,0.25,0.10515847,-0.0055280183,0.425,0,0
0.1801989,0.2633407,0.25,0.10515847,-0.0055280183,0.425,0,0
0.1923509,0.26845223,0.25,0.10515847,-0.0055280183,0.425,0,0
0.2045029,0.27356374,0.25,0.10515847,-0.0055280183,0.425,0,0
0.2166549,0.27867526,0.25,0.10515847,-0.0055280183,0.425,0,0
0.2305429,0.284517,0.25,0.10515847,-0.0055280183,0.425,0,0
0.2426949,0.2896285,0.25,0.10515847,-0.0055280183,0.425,0,0
0.25484687,0.29474002,0.25,0.10515847,-0.0055280183,0.425,0,0
0.26699877,0.29985154,0.25,0.10515847,-0.0055280183,0.425,0,0
0.27915066,0.30496305,0.25,0.10515847,-0.0055280183,0.425,0,0
0.29130256,0.31007457,0.25,0.10515847,-0.0055280183,0.425,0,0
0.30519044,0.3159163,0.25,0.10515847,-0.0055280183,0.425,0,0
0.31734234,0.32102782,0.25,0.10515847,-0.0055280183,0.425,0,0
0.32949424,0.32613933,0.25,0.10515847,-0.0055280183,0.425,0,0
0.34164613,0.33125085,0.25,0.10515847,-0.0055280183,0.425,0,0
0.35379803,0.33636236,0.25,0.10515847,-0.0055280183,0.425,0,0
0.3676859,0.3422041,0.25,0.10515847,-0.0055280183,0.425,0,0
0.3798378,0.3473156,0.25,0.10515847,-0.0055280183,0.425,0,0
0.37532002,0.3411709,-0.3125,-0.30009064,-0.0055280183,0.40764,0,-1
0.36013004,0.32658404,-0.3125,-0.30009064,-0.0055280183,0.383336,0,-1
0.34494007,0.31199718,-0.3125,-0.30009064,-0.0055280183,0.359032,0,-1
0.3275801,0.29532647,-0.3125,-0.30009064,-0.0055280183,0.331256,0,-1
0.31239012,0.2807396,-0.3125,-0.30009064,-0.0055280183,0.313896,0,0
0.29720014,0.26615274,-0.3125,-0.30009064,-0.0055280183,0.313896,0,0
0.28201017,0.25156587,-0.3125,-0.30009064,-0.0055280183,0.313896,0,0
0.2668202,0.23697911,-0.3125,-0.30009064,-0.0055280183,0.313896,0,0
0.24946022,0.22030853,-0.3125,-0.30009064,-0.0055280183,0.313896,0,0
0.23427024,0.20572177,-0.3125,-0.30009064,-0.0055280183,0.313896,0,0
0.21908027,0.191135,-0.3125,-0.30009064,-0.0055280183,0.313896,0,0
0.2038903,0.17654824,-0.3125,-0.30009064,-0.0055280183,0.313896,0,0
0.18870032,0.16196148,-0.3125,-0.30009064,-0.0055280183,0.313896,0,0
0.17134035,0.1452909,-0.3125,-0.30009064,-0.0055280183,0.313896,0,0
0.15615037,0.13070413,-0.3125,-0.30009064,-0.0055280183,0.313896,0,0
0.1409604,0.116117336,-0.3125,-0.30009064,-0.02288802,0.313896,-1,0
0.12577042,0.10153052,-0.3125,-0.30009064,-0.047192022,0.313896,-1,0
0.110580444,0.08694371,-0.3125,-0.30009064,-0.071496025,0.313896,-1,0
0.09322047,0.070273064,-0.3125,-0.30009064,-0.09580003,0.313896,0,0
0.0780305,0.05568625,-0.3125,-0.30009064,-0.09580003,0.313896,0,0
0.06284052,0.041099437,-0.3125,-0.30009064,-0.09580003,0.313896,0,0
0.04765052,0.026512628,-0.3125,-0.30009064,-0.09580003,0.313896,0,0
0.03246052,0.011925826,-0.3125,-0.30009064,-0.09580003,0.313896,0,0
0.015100516,-0.00474481,-0.3125,-0.30009064,-0.09580003,0.313896,0,0
-8.948473E-05,-0.019331615,-0.3125,-0.30009064,-0.09580003,0.313896,0,0
-0.015279486,-0.033918418,-0.3125,-0.30009064,-0.09580003,0.313896,0,0
-0.030469486,-0.04850523,-0.3125,-0.30009064,-0.09580003,0.313896,0,0
-0.045659486,-0.063092045,-0.3125,-0.30009064,-0.09580003,0.313896,0,0
-0.063019484,-0.07976269,-0.3125,-0.30009064,-0.09580003,0.313896,0,0
-0.07820946,-0.0943495,-0.3125,-0.30009064,-0.09580003,0.313896,0,0
-0.093399435,-0.10893632,-0.3125,-0.30009064,-0.10621603,0.313896,-1,0
-0.10858941,-0.12352313,-0.3125,-0.30009064,-0.13052003,0.313896,-1,0
-0.12377939,-0.1381099,-0.3125,-0.30009064,-0.15482403,0.313896,-1,0
-0.14113936,-0.15478048,-0.3125,-0.30009064,-0.18260004,0.313896,-1,0
-0.15632933,-0.16936724,-0.3125,-0.30009064,-0.20690404,0.313896,-1,0
-0.17151931,-0.183954,-0.3125,-0.30009064,-0.23120804,0.313896,-1,0
-0.18670928,-0.19854076,-0.3125,-0.30009064,-0.24509604,0.313896,0,0
-0.20189926,-0.21312752,-0.3125,-0.30009064,-0.24509604,0.313896,0,0
-0.21925923,-0.22979811,-0.3125,-0.30009064,-0.24509604,0.313896,0,0
-0.23444921,-0.24438487,-0.3125,-0.30009064,-0.24509604,0.313896,0,0
-0.24963918,-0.2589717,-0.3125,-0.30009064,-0.24509604,0.313896,0,0
-0.26482916,-0.27355856,-0.3125,-0.30009064,-0.24509604,0.313896,0,0
-0.28001913,-0.28814542,-0.3125,-0.30009064,-0.25898403,0.313896,-1,0
-0.29668579,-0.30415022,-0.3125,-0.30009064,-0.28565067,0.313896,-1,0
-0.3112691,-0.31815442,-0.3125,-0.30009064,-0.30898398,0.313896,-1,0
-0.32585242,-0.33215863,-0.3125,-0.30009064,-0.3323173,0.313896,-1,0
-0.34043574,-0.34616283,-0.3125,-0.30009064,-0.3556506,0.313896,-1,0
-0.35553488,-0.36066243,-0.3125,-0.30009064,-0.37286526,0.313896,0,0
-0.37289485,-0.37733313,-0.3125,-0.30009064,-0.37286526,0.313896,0,0
-0.38128752,-0.39044994,0.390625,-0.08839011,-0.37286526,0.313896,0,0
-0.3623001,-0.3947464,0.390625,-0.08839011,-0.37286526,0.313896,0,0
-0.34331268,-0.39904284,0.390625,-0.08839011,-0.37286526,0.313896,0,0
-0.32161278,-0.40395308,0.390625,-0.08839011,-0.37286526,0.313896,0,0
-0.30262536,-0.40824953,0.390625,-0.08839011,-0.37286526,0.313896,0,0
-0.28363794,-0.41254598,0.390625,-0.08839011,-0.37286526,0.313896,0,0
-0.26465052,-0.41684243,0.390625,-0.08839011,-0.37286526,0.313896,0,0
-0.24566308,-0.42113888,0.390625,-0.08839011,-0.37286526,0.313896,0,0
-0.22667556,-0.42543533,0.390625,-0.08839011,-0.37286526,0.313896,0,0
-0.20497553,-0.43034557,0.390625,-0.08839011,-0.37286526,0.327784,0,1
-0.18598801,-0.43464202,0.390625,-0.08839011,-0.37286526,0.324312,0,-1
-0.16700049,-0.43893847,0.390625,-0.08839011,-0.37286526,0.300008,0,-1
-0.14801297,-0.44323492,0.390625,-0.08839011,-0.37286526,0.275704,0,-1
-0.12902544,-0.44753137,0.390625,-0.08839011,-0.37286526,0.2514,0,-1
-0.10732542,-0.4524416,0.390625,-0.08839011,-0.37286526,0.22362399,0,-1
-0.0883379,-0.45673805,0.390625,-0.08839011,-0.37286526,0.19931999,0,-1
-0.06935038,-0.4610345,0.390625,-0.08839011,-0.37286526,0.17501599,0,-1
-0.050362874,-0.46533096,0.390625,-0.08839011,-0.37286526,0.15071198,0,-1
-0.03137538,-0.4696274,0.390625,-0.08839011,-0.37286526,0.12640798,0,-1
-0.009675384,-0.47453764,0.390625,-0.08839011,-0.37286526,0.09863198,0,-1
0.009312116,-0.4788341,0.390625,-0.08839011,-0.37286526,0.074327976,0,-1
0.028299611,-0.48313054,0.390625,-0.08839011,-0.37286526,0.050023973,0,-1
0.047287107,-0.48315868,0.390625,0.08839011,-0.37286526,0.02571997,0,-1
0.066274606,-0.47886223,0.390625,0.08839011,-0.37286526,0.0014159689,0,-1
0.08797463,-0.473952,0.390625,0.08839011,-0.37286526,-0.026360033,0,-1
0.10696215,-0.46965554,0.390625,0.08839011,-0.37286526,-0.050664034,0,-1
0.12594967,-0.4653591,0.390625,0.08839011,-0.37286526,-0.07496803,0,-1
0.14493719,-0.46106264,0.390625,0.08839011,-0.37286526,-0.099272035,0,-1
0.16392471,-0.4567662,0.390625,0.08839011,-0.37286526,-0.12357604,0,-1
0.18562473,-0.45185596,0.390625,0.08839011,-0.37286526,-0.15135203,0,-1
0.20461226,-0.4475595,0.390625,0.08839011,-0.37286526,-0.17565604,0,-1
0.22359978,-0.44326305,0.390625,0.08839011,-0.37286526,-0.19996004,0,-1
0.2425873,-0.4389666,0.390625,0.08839011,-0.37286526,-0.22426404,0,-1
0.26157475,-0.43467015,0.390625,0.08839011,-0.37286526,-0.24856804,0,-1
0.28327465,-0.42975992,0.390625,0.08839011,-0.37286526,-0.27634403,0,-1
0.30226207,-0.42546347,0.390625,0.08839011,-0.37286526,-0.30064803,0,-1
0.32124949,-0.42116702,0.390625,0.08839011,-0.37286526,-0.32495204,0,-1
0.3402369,-0.41687056,0.390625,0.08839011,-0.37286526,-0.34925604,0,-1
0.35922432,-0.4125741,0.390625,0.08839011,-0.37286526,-0.37356004,0,-1
0.38092422,-0.40766388,0.390625,0.08839011,-0.37286526,-0.40133604,0,-1
0.36704695,-0.40601954,-0.48828125,0.012003389,-0.37286526,-0.425,0,-1
0.34331268,-0.40543604,-0.48828125,0.012003389,-0.37286526,-0.425,0,-1
0.3195784,-0.40485254,-0.48828125,0.012003389,-0.37286526,-0.425,0,-1
0.29584414,-0.40426904,-0.48828125,0.012003389,-0.37286526,-0.425,0,-1
0.26871926,-0.40360218,-0.48828125,0.012003389,-0.37286526,-0.425,0,-1
0.24498495,-0.40301868,-0.48828125,0.012003389,-0.37286526,-0.425,0,0
0.22125058,-0.40243518,-0.48828125,0.012003389,-0.37286526,-0.425,0,0
0.1975162,-0.40185168,-0.48828125,0.012003389,-0.37286526,-0.425,0,0
0.17378183,-0.40126818,-0.48828125,0.012003389,-0.37286526,-0.425,0,0
0.14665683,-0.40060133,-0.48828125,0.012003389,-0.37286526,-0.425,0,0
0.12292245,-0.40001783,-0.48828125,0.012003389,-0.37286526,-0.425,0,0
0.099188074,-0.39943433,-0.48828125,0.012003389,-0.37286526,-0.425,0,0
0.0754537,-0.39885083,-0.48828125,0.012003389,-0.37286526,-0.425,0,0
0.048328698,-0.39818397,-0.48828125,0.012003389,-0.37286526,-0.425,0,0
0.024594322,-0.39760047,-0.48828125,0.012003389,-0.37286526,-0.425,0,0
0.00085994625,-0.39701697,-0.48828125,0.012003389,-0.37286526,-0.425,0,0
-0.022874428,-0.39643347,-0.48828125,0.012003389,-0.37286526,-0.425,0,0
-0.046608802,-0.39584997,-0.48828125,0.012003389,-0.37286526,-0.425,0,0
-0.0737338,-0.39518312,-0.48828125,0.012003389,-0.37286526,-0.425,0,0
-0.097468175,-0.39459962,-0.48828125,0.012003389,-0.37286526,-0.425,0,0
-0.12120255,-0.39401612,-0.48828125,0.012003389,-0.37286526,-0.425,0,0
-0.14493692,-0.39343262,-0.48828125,0.012003389,-0.37286526,-0.425,0,0
-0.1686713,-0.39284912,-0.48828125,0.012003389,-0.37286526,-0.425,0,0
-0.19240567,-0.39226562,-0.48828125,0.012003389,-0.37286526,-0.425,0,0
-0.21953067,-0.39159876,-0.48828125,0.012003389,-0.37286526,-0.425,0,0
-0.24326505,-0.39101526,-0.48828125,0.012003389,-0.37286526,-0.425,0,0
-0.26699933,-0.39043176,-0.48828125,0.012003389,-0.37286526,-0.425,0,0
-0.2907336,-0.38984826,-0.48828125,0.012003389,-0.37286526,-0.425,0,0
-0.31446788,-0.38926476,-0.48828125,0.012003389,-0.37286526,-0.425,0,0
-0.34159276,-0.3885979,-0.48828125,0.012003389,-0.37286526,-0.425,0,0
-0.36532703,-0.3880144,-0.48828125,0.012003389,-0.37286526,-0.425,0,0
-0.37976173,-0.38834208,0.61035156,-0.119213894,-0.37286526,-0.425,0,0
-0.35009378,-0.39413682,0.61035156,-0.119213894,-0.37286526,-0.425,0,0
-0.32042584,-0.39993155,0.61035156,-0.119213894,-0.37286526,-0.425,0,0
-0.28651962,-0.4065541,0.61035156,-0.119213894,-0.37286526,-0.425,0,0
-0.25685167,-0.41234884,0.61035156,-0.119213894,-0.37286526,-0.425,0,0
-0.22718373,-0.41814357,0.61035156,-0.119213894,-0.37286526,-0.425,0,0
-0.19751579,-0.4239383,0.61035156,-0.119213894,-0.37286526,-0.425,0,0
-0.16784784,-0.42973304,0.61035156,-0.119213894,-0.37286526,-0.425,0,0
-0.13394162,-0.4363556,0.61035156,-0.119213894,-0.37286526,-0.425,0,0
-0.10427368,-0.44215032,0.61035156,-0.119213894,-0.37286526,-0.425,0,0
-0.07460573,-0.44794506,0.61035156,-0.119213894,-0.37286526,-0.425,0,0
-0.04493777,-0.4537398,0.61035156,-0.119213894,-0.37286526,-0.425,0,0
-0.015269801,-0.45953453,0.61035156,-0.119213894,-0.37286526,-0.425,0,0
0.018636448,-0.46615708,0.61035156,-0.119213894,-0.37286526,-0.425,0,0
0.048304416,-0.4719518,0.61035156,-0.119213894,-0.37286526,-0.425,0,0
0.077972375,-0.47774655,0.61035156,-0.119213894,-0.37286526,-0.425,0,0
0.10764032,-0.48354128,0.61035156,-0.119213894,-0.37286526,-0.425,0,0
0.13730827,-0.48086092,0.61035156,0.119213894,-0.37286526,-0.425,0,0
0.17121449,-0.47423837,0.61035156,0.119213894,-0.37286526,-0.425,0,0
0.20088243,-0.46844363,0.61035156,0.119213894,-0.37286526,-0.425,0,0
0.23055038,-0.4626489,0.61035156,0.119213894,-0.37286526,-0.425,0,0
0.26021832,-0.45685416,0.61035156,0.119213894,-0.37286526,-0.425,0,0
0.28988627,-0.45105943,0.61035156,0.119213894,-0.37286526,-0.425,0,0
0.3237925,-0.44443688,0.61035156,0.119213894,-0.37286526,-0.425,0,0
0.35346043,-0.43864214,0.61035156,0.119213894,-0.37286526,-0.425,0,0
0.38312837,-0.4328474,0.61035156,0.119213894,-0.37286526,-0.425,0,0
0.35221297,-0.4349947,-0.76293945,-0.07140685,-0.37286526,-0.425,0,0
0.3151281,-0.43846565,-0.76293945,-0.07140685,-0.37286526,-0.425,0,0
0.27274537,-0.44243246,-0.76293945,-0.07140685,-0.37286526,-0.425,0,0
0.23566045,-0.44590342,-0.76293945,-0.07140685,-0.37286526,-0.425,0,0
0.19857547,-0.44937438,-0.76293945,-0.07140685,-0.37286526,-0.425,0,0
0.16149049,-0.45284534,-0.76293945,-0.07140685,-0.37286526,-0.425,0,0
0.1244055,-0.4563163,-0.76293945,-0.07140685,-0.37286526,-0.425,0,0
0.08202267,-0.4602831,-0.76293945,-0.07140685,-0.37286526,-0.425,0,0
0.0449377,-0.46375406,-0.76293945,-0.07140685,-0.37286526,-0.425,0,0
0.007852744,-0.46722502,-0.76293945,-0.07140685,-0.37286526,-0.425,0,0
-0.029232213,-0.47069597,-0.76293945,-0.07140685,-0.37286526,-0.425,0,0
-0.06631717,-0.47416693,-0.76293945,-0.07140685,-0.37286526,-0.425,0,0
-0.10870001,-0.47813374,-0.76293945,-0.07140685,-0.37286526,-0.425,0,0
-0.14578499,-0.4816047,-0.76293945,-0.07140685,-0.37286526,-0.425,0,0
-0.18286997,-0.485,-0.76293945,0.07140685,-0.37286526,-0.425,0,0
-0.21995495,-0.48152906,-0.76293945,0.07140685,-0.37286526,-0.425,0,0
-0.2570399,-0.4780581,-0.76293945,0.07140685,-0.37286526,-0.425,0,0
-0.29942262,-0.4740913,-0.76293945,0.07140685,-0.37286526,-0.425,0,0
-0.3365075,-0.47062033,-0.76293945,0.07140685,-0.37286526,-0.425,0,0
-0.37359238,-0.46714938,-0.76293945,0.07140685,-0.37286526,-0.425,0,0
-0.41067725,-0.46367842,-0.76293945,0.07140685,-0.37633726,-0.425,-1,0
-0.34426612,-0.485,0.9536743,0.625,-0.40411326,-0.425,-1,0
-0.29790992,-0.45462006,0.9536743,0.625,-0.425,-0.425,-1,0
-0.2515537,-0.4242401,0.9536743,0.625,-0.425,-0.425,-1,0
-0.20519751,-0.39386016,0.9536743,0.625,-0.425,-0.425,0,0
-0.15884131,-0.3634802,0.9536743,0.625,-0.425,-0.425,0,0
-0.11248511,-0.33310026,0.9536743,0.625,-0.425,-0.425,0,0
-0.059506595,-0.29838032,0.9536743,0.625,-0.425,-0.425,0,0
-0.013150394,-0.26800036,0.9536743,0.625,-0.425,-0.425,0,0
0.033205807,-0.23762041,0.9536743,0.625,-0.425,-0.425,0,0
0.07956201,-0.20724046,0.9536743,0.625,-0.411112,-0.425,1,0
0.12591821,-0.17686051,0.9536743,0.625,-0.404168,-0.40764,0,1
0.17889673,-0.14214057,0.9536743,0.625,-0.404168,-0.379864,0,1
0.22525293,-0.11176059,0.9536743,0.625,-0.404168,-0.35556,0,1
0.27160913,-0.08138058,0.9536743,0.625,-0.404168,-0.331256,0,1
0.31796533,-0.05100058,0.9536743,0.625,-0.404168,-0.306952,0,1
0.36432153,-0.020620577,0.9536743,0.625,-0.404168,-0.282648,0,1
0.41730005,0.014099425,0.9536743,0.625,-0.404168,-0.254872,0,1
0.46365625,0.044479426,0.9536743,0.625,-0.404168,-0.23056799,0,1
0.0027776,0.00011691709,0.2,0.008418569,-0.404168,-0.20626399,0,1
0.012499201,0.0005261269,0.2,0.008418569,-0.404168,-0.18195999,0,1
0.0236096,0.0009937952,0.2,0.008418569,-0.404168,-0.15418398,0,1
0.033331197,0.001403005,0.2,0.008418569,-0.383336,-0.12987998,1,1
0.043052793,0.0018122147,0.2,0.008418569,-0.359032,-0.10557598,1,1
0.05277439,0.002221425,0.2,0.008418569,-0.334728,-0.081271976,1,1
0.062495984,0.0026306356,0.2,0.008418569,-0.310424,-0.056967974,1,1
0.072217606,0.0030398462,0.2,0.008418569,-0.28612,-0.03266397,1,1
0.08332803,0.0035075154,0.2,0.008418569,-0.258344,-0.004887969,1,1
0.09304965,0.003916726,0.2,0.008418569,-0.23403999,0.019416032,1,1
0.102771275,0.0043259365,0.2,0.008418569,-0.20973599,0.043720033,1,1
0.1124929,0.004735147,0.2,0.008418569,-0.18543199,0.06802403,1,1
0.12221452,0.0051443577,0.2,0.008418569,-0.16112798,0.092328034,1,1
0.13332494,0.005612027,0.2,0.008418569,-0.13682398,0.095800035,0,0
0.14304656,0.0060212375,0.2,0.008418569,-0.13682398,0.095800035,0,0
0.15276818,0.006430448,0.2,0.008418569,-0.13682398,0.095800035,0,0
0.1624898,0.0068396586,0.2,0.008418569,-0.13682398,0.095800035,0,0
0.17360023,0.007307328,0.2,0.008418569,-0.13682398,0.095800035,0,0
0.18332185,0.0077165384,0.2,0.008418569,-0.13335198,0.095800035,1,0
0.19304347,0.008125747,0.2,0.008418569,-0.10904798,0.095800035,1,0
0.20276509,0.008534954,0.2,0.008418569,-0.08474398,0.095800035,1,0
0.21248671,0.008944161,0.2,0.008418569,-0.060439974,0.095800035,1,0
0.22220834,0.009353369,0.2,0.008418569,-0.03613597,0.095800035,1,0
0.23331876,0.009821034,0.2,0.008418569,-0.02571997,0.095800035,0,0
0.24304038,0.010230241,0.2,0.008418569,-0.02571997,0.07149603,0,-1
0.252762,0.010639449,0.2,0.008418569,-0.02571997,0.04719203,0,-1
0.2624835,0.011048656,0.2,0.008418569,-0.02571997,0.022888027,0,-1
0.27220502,0.011457863,0.2,0.008418569,-0.02571997,-0.001415974,0,-1
0.28331533,0.011925529,0.2,0.008418569,-0.02571997,-0.029191976,0,-1
0.29303685,0.012334736,0.2,0.008418569,-0.02571997,-0.036135975,0,0
0.30275837,0.012743943,0.2,0.008418569,-0.02571997,-0.036135975,0,0
0.31247988,0.013153151,0.2,0.008418569,-0.02571997,-0.036135975,0,0
0.3222014,0.013562358,0.2,0.008418569,-0.02571997,-0.036135975,0,0
0.3333117,0.0140300235,0.2,0.008418569,-0.02571997,-0.008359972,0,1
0.34303322,0.014439231,0.2,0.008418569,-0.02571997,0.015944028,0,1
0.35275474,0.014848438,0.2,0.008418569,-0.02571997,0.022888029,0,0
0.36247626,0.015257645,0.2,0.008418569,-0.02571997,0.022888029,0,0
0.37358657,0.015725313,0.2,0.008418569,-0.02571997,0.022888029,0,0
0.38330808,0.016134527,0.2,0.008418569,-0.02571997,0.022888029,0,0
0.3735841,0.015263176,-0.25,-0.02231681,-0.02571997,0.022888029,0,0
0.3614322,0.014178397,-0.25,-0.02231681,-0.02571997,0.022888029,0,0
0.3492803,0.013093619,-0.25,-0.02231681,-0.02571997,0.022888029,0,0
0.3371284,0.01200884,-0.25,-0.02231681,-0.02571997,0.022888029,0,0
0.32324052,0.010769093,-0.25,-0.02231681,-0.02571997,0.022888029,0,0
0.31108862,0.009684315,-0.25,-0.02231681,-0.02571997,0.022888029,0,0
0.29893672,0.0085995365,-0.25,-0.02231681,-0.02571997,0.022888029,0,0
0.28678483,0.007514759,-0.25,-0.02231681,-0.02571997,0.022888029,0,0
0.27463293,0.006429984,-0.25,-0.02231681,-0.02571997,0.022888029,0,0
0.26074505,0.0051902407,-0.25,-0.02231681,-0.02571997,0.022888029,0,0
0.24859314,0.0041054655,-0.25,-0.02231681,-0.02571997,0.022888029,0,0
0.23644114,0.0030206903,-0.25,-0.02231681,-0.02571997,0.022888029,0,0
0.22428913,0.0019359151,-0.25,-0.02231681,-0.02571997,0.022888029,0,0
0.21213713,0.00085113983,-0.25,-0.02231681,-0.02571997,0.022888029,0,0
0.19824913,-0.00038860366,-0.25,-0.02231681,-0.02571997,0.022888029,0,0
0.18609713,-0.0014733791,-0.25,-0.02231681,-0.02571997,0.022888029,0,0
0.17394513,-0.0025581543,-0.25,-0.02231681,-0.02571997,0.022888029,0,0
0.16179271,-0.0036429695,-0.25,-0.02231681,-0.02571997,0.022888029,0,0
0.14963998,-0.0047278134,-0.25,-0.02231681,-0.02571997,0.022888029,0,0
0.13575114,-0.0059676347,-0.25,-0.02231681,-0.02571997,0.022888029,0,0
0.123598404,-0.0070524784,-0.25,-0.02231681,-0.02571997,0.022888029,0,0
0.11144562,-0.008137322,-0.25,-0.02231681,-0.02571997,0.022888029,0,0
0.09929284,-0.009222166,-0.25,-0.02231681,-0.02571997,0.022888029,0,0
0.08540394,-0.010461987,-0.25,-0.02231681,-0.02571997,0.022888029,0,0
0.07325116,-0.011546831,-0.25,-0.02231681,-0.02571997,0.022888029,0,0
0.061098374,-0.012631674,-0.25,-0.02231681,-0.02571997,0.022888029,0,0
0.04894559,-0.013716518,-0.25,-0.02231681,-0.02571997,0.022888029,0,0
0.036792807,-0.014801362,-0.25,-0.02231681,-0.02571997,0.022888029,0,0
0.024640024,-0.015886206,-0.25,-0.02231681,-0.02571997,0.022888029,0,0
0.010751131,-0.017126027,-0.25,-0.02231681,-0.02571997,0.022888029,0,0
-0.0014016463,-0.018210871,-0.25,-0.02231681,-0.02571997,0.022888029,0,0
-0.013554424,-0.019295715,-0.25,-0.02231681,-0.02571997,0.022888029,0,0
-0.025707206,-0.020380558,-0.25,-0.02231681,-0.02571997,0.022888029,0,0
-0.0395961,-0.02162038,-0.25,-0.02231681,-0.02571997,0.022888029,0,0
-0.051748883,-0.022705223,-0.25,-0.02231681,-0.02571997,0.022888029,0,0
-0.06390166,-0.023790067,-0.25,-0.02231681,-0.02571997,0.022888029,0,0
-0.07605445,-0.02487491,-0.25,-0.02231681,-0.02571997,0.022888029,0,0
-0.08820723,-0.025959754,-0.25,-0.02231681,-0.02571997,0.022888029,0,0
-0.10036001,-0.027044598,-0.25,-0.02231681,-0.02571997,0.022888029,0,0
-0.11424891,-0.02828442,-0.25,-0.02231681,-0.02571997,0.022888029,0,0
-0.1264017,-0.029369263,-0.25,-0.02231681,-0.02571997,0.022888029,0,0
-0.13855442,-0.030454107,-0.25,-0.02231681,-0.02571997,0.022888029,0,0
-0.15070716,-0.031538952,-0.25,-0.02231681,-0.02571997,0.022888029,0,0
-0.16285989,-0.03262381,-0.25,-0.02231681,-0.02571997,0.022888029,0,0
-0.17674872,-0.033863645,-0.25,-0.02231681,-0.02571997,0.022888029,0,0
-0.18890145,-0.0349485,-0.25,-0.02231681,-0.02571997,0.022888029,0,0
-0.20105419,-0.03603336,-0.25,-0.02231681,-0.02571997,0.022888029,0,0
-0.21320692,-0.037118215,-0.25,-0.02231681,-0.02571997,0.022888029,0,0
-0.22535965,-0.03820307,-0.25,-0.02231681,-0.02571997,0.022888029,0,0
-0.23751238,-0.03928793,-0.25,-0.02231681,-0.02571997,0.022888029,0,0
-0.25140122,-0.040527765,-0.25,-0.02231681,-0.02571997,0.022888029,0,0
-0.26355395,-0.04161262,-0.25,-0.02231681,-0.02571997,0.022888029,0,0
-0.27570668,-0.042697478,-0.25,-0.02231681,-0.02571997,0.022888029,0,0
-0.2878594,-0.043782335,-0.25,-0.02231681,-0.02571997,0.022888029,0,0
-0.30174825,-0.04502217,-0.25,-0.02231681,-0.02571997,0.022888029,0,0
-0.31390098,-0.046107028,-0.25,-0.02231681,-0.02571997,0.022888029,0,0
-0.3260537,-0.047191884,-0.25,-0.02231681,-0.02571997,0.022888029,0,0
-0.33820644,-0.04827674,-0.25,-0.02231681,-0.02571997,0.022888029,0,0
-0.35035917,-0.049361598,-0.25,-0.02231681,-0.02571997,0.022888029,0,0
-0.3625119,-0.050446454,-0.25,-0.02231681,-0.02571997,0.022888029,0,0
-0.37640074,-0.05168629,-0.25,-0.02231681,-0.02571997,0.022888029,0,0
-0.3796597,-0.05400871,0.3125,-0.111421734,-0.02571997,0.022888029,0,0
-0.3644687,-0.05942504,0.3125,-0.111421734,-0.02571997,0.022888029,0,0
-0.34927768,-0.06484138,0.3125,-0.111421734,-0.02571997,0.022888029,0,0
-0.3319165,-0.0710315,0.3125,-0.111421734,-0.02571997,0.022888029,0,0
-0.3167255,-0.07644786,0.3125,-0.111421734,-0.02571997,0.022888029,0,0
-0.30153447,-0.081864215,0.3125,-0.111421734,-0.02571997,0.022888029,0,0
-0.28634346,-0.08728057,0.3125,-0.111421734,-0.02571997,0.022888029,0,0
-0.27115244,-0.09269693,0.3125,-0.111421734,-0.02571997,0.022888029,0,0
-0.25379127,-0.09888705,0.3125,-0.111421734,-0.02571997,0.022888029,0,0
-0.23860025,-0.104303405,0.3125,-0.111421734,-0.02571997,0.0020546967,0,-1
-0.22340924,-0.10971976,0.3125,-0.111421734,-0.02571997,-0.022250859,0,-1
-0.20821822,-0.11513612,0.3125,-0.111421734,-0.02571997,-0.04655642,0,-1
-0.19085705,-0.12132624,0.3125,-0.111421734,-0.02571997,-0.07433421,0,-1
-0.17566603,-0.12674257,0.3125,-0.111421734,-0.02571997,-0.09863978,0,-1
-0.16047502,-0.13215888,0.3125,-0.111421734,-0.02571997,-0.122945346,0,-1
-0.145284,-0.13757518,0.3125,-0.111421734,-0.02571997,-0.1472509,0,-1
-0.13009298,-0.14299148,0.3125,-0.111421734,-0.02571997,-0.17155647,0,-1
-0.114902,-0.14840779,0.3125,-0.111421734,-0.02571997,-0.19586204,0,-1
-0.09754089,-0.15459785,0.3125,-0.111421734,-0.02571997,-0.22363983,0,-1
-0.082349926,-0.16001415,0.3125,-0.111421734,-0.02571997,-0.2479454,0,-1
-0.06715896,-0.16543046,0.3125,-0.111421734,-0.02571997,-0.27225086,0,-1
-0.051967993,-0.17084676,0.3125,-0.111421734,-0.02571997,-0.29655632,0,-1
-0.036777027,-0.17626306,0.3125,-0.111421734,-0.02571997,-0.3208618,0,-1
-0.019415922,-0.18245313,0.3125,-0.111421734,-0.02571997,-0.34863946,0,-1
-0.0042249504,-0.18786943,0.3125,-0.111421734,-0.02571997,-0.37294492,0,-1
0.0109660225,-0.19328573,0.3125,-0.111421734,-0.02571997,-0.39725038,0,-1
0.026156992,-0.19870204,0.3125,-0.111421734,-0.02571997,-0.42155585,0,-1
0.04134796,-0.20411834,0.3125,-0.111421734,-0.02571997,-0.425,0,-1
0.058709063,-0.2103084,0.3125,-0.111421734,-0.02571997,-0.425,0,0
0.07390003,-0.2157247,0.3125,-0.111421734,-0.02571997,-0.425,0,0
0.089090995,-0.22114101,0.3125,-0.111421734,-0.02571997,-0.425,0,0
0.10428196,-0.22655731,0.3125,-0.111421734,-0.02571997,-0.425,0,0
0.12164307,-0.23274738,0.3125,-0.111421734,-0.02571997,-0.425,0,0
0.13683407,-0.23816368,0.3125,-0.111421734,-0.02571997,-0.425,0,0
0.15202509,-0.24357998,0.3125,-0.111421734,-0.02571997,-0.425,0,0
0.1672161,-0.24899629,0.3125,-0.111421734,-0.02571997,-0.425,0,0
0.18240713,-0.2544126,0.3125,-0.111421734,-0.02571997,-0.425,0,0
0.19759814,-0.2598289,0.3125,-0.111421734,-0.02571997,-0.425,0,0
0.21495931,-0.26601896,0.3125,-0.111421734,-0.02571997,-0.425,0,0
0.23015033,-0.27143526,0.3125,-0.111421734,-0.02571997,-0.425,0,0
0.24534135,-0.27685156,0.3125,-0.111421734,-0.02571997,-0.425,0,0
0.26053235,-0.28226787,0.3125,-0.111421734,-0.02571997,-0.425,0,0
0.27572337,-0.28768417,0.3125,-0.111421734,-0.02571997,-0.425,0,0
0.29308453,-0.29387423,0.3125,-0.111421734,-0.02571997,-0.425,0,0
0.30827555,-0.29929054,0.3125,-0.111421734,-0.02571997,-0.425,0,0
0.32346657,-0.30470684,0.3125,-0.111421734,-0.02571997,-0.425,0,0
0.3386576,-0.31012315,0.3125,-0.111421734,-0.02571997,-0.425,0,0
0.3538486,-0.31553945,0.3125,-0.111421734,-0.02571997,-0.425,0,0
0.37120977,-0.3217295,0.3125,-0.111421734,-0.02571997,-0.425,0,0
0.3864008,-0.3271458,0.3125,-0.111421734,-0.02571997,-0.425,0,0
0.4015918,-0.33256212,0.3125,-0.111421734,-0.02571997,-0.425,0,0
0.41678283,-0.33797842,0.3125,-0.111421734,-0.02571997,-0.425,0,0
0.43197384,-0.34339473,0.3125,-0.111421734,-0.02571997,-0.425,0,0
0.367724,-0.32662684,-0.390625,0.4209975,-0.02571997,-0.425,0,0
0.34602267,-0.30323797,-0.390625,0.4209975,-0.02571997,-0.425,0,0
0.327034,-0.28277272,-0.390625,0.4209975,-0.02571997,-0.425,0,0
0.30804533,-0.26230747,-0.390625,0.4209975,-0.02571997,-0.425,0,0
0.28905666,-0.24184225,-0.390625,0.4209975,-0.02571997,-0.425,0,0
0.26735532,-0.21845351,-0.390625,0.4209975,-0.02571997,-0.425,0,0
0.24836665,-0.19798836,-0.390625,0.4209975,-0.02571997,-0.425,0,0
0.22937799,-0.17752321,-0.390625,0.4209975,-0.0014144161,-0.425,1,0
0.21038932,-0.15705806,-0.390625,0.4209975,0.02289114,-0.425,1,0
0.19140065,-0.13659291,-0.390625,0.4209975,0.0471967,-0.425,1,0
0.16969931,-0.11320417,-0.390625,0.4209975,0.07497449,-0.425,1,0
0.15071064,-0.092739016,-0.390625,0.4209975,0.09928006,-0.425,1,0
0.13172197,-0.072273865,-0.390625,0.4209975,0.10622451,-0.425,0,0
0.11273327,-0.051808715,-0.390625,0.4209975,0.10622451,-0.425,0,0
0.093744546,-0.031343564,-0.390625,0.4209975,0.10622451,-0.425,0,0
0.074755825,-0.010878412,-0.390625,0.4209975,0.10622451,-0.425,0,0
0.05305443,0.012510339,-0.390625,0.4209975,0.10622451,-0.425,0,0
0.03406571,0.03297549,-0.390625,0.4209975,0.10622451,-0.425,0,0
0.015076988,0.05344064,-0.390625,0.4209975,0.10622451,-0.425,0,0
-0.003911727,0.073905796,-0.390625,0.4209975,0.10622451,-0.425,0,0
-0.025613118,0.09729454,-0.390625,0.4209975,0.10622451,-0.425,0,0
-0.04460184,0.11775969,-0.390625,0.4209975,0.11664118,-0.425,1,0
-0.06359056,0.13822484,-0.390625,0.4209975,0.14094675,-0.425,1,0
-0.08257928,0.15868999,-0.390625,0.4209975,0.16525231,-0.425,1,0
-0.101568,0.17915514,-0.390625,0.4209975,0.18955788,-0.425,1,0
-0.12055672,0.19962029,-0.390625,0.4209975,0.21386345,-0.425,1,0
-0.14225806,0.22300903,-0.390625,0.4209975,0.24164124,-0.425,1,0
-0.16124673,0.24347419,-0.390625,0.4209975,0.26594675,-0.425,1,0
-0.1802354,0.2639394,-0.390625,0.4209975,0.2902522,-0.425,1,0
-0.19922407,0.28440467,-0.390625,0.4209975,0.31455767,-0.425,1,0
-0.2209254,0.30779353,-0.390625,0.4209975,0.34233534,-0.425,1,0
-0.23991407,0.32825878,-0.390625,0.4209975,0.3666408,-0.425,1,0
-0.25890276,0.34872404,-0.390625,0.4209975,0.38747406,-0.425,0,0
-0.27789143,0.3691893,-0.390625,0.4209975,0.38747406,-0.425,0,0
-0.2968801,0.38965455,-0.390625,0.4209975,0.38747406,-0.425,0,0
-0.31858143,0.4130434,-0.390625,0.4209975,0.38747406,-0.425,0,0
-0.3375701,0.43350866,-0.390625,0.4209975,0.38747406,-0.425,0,0
-0.35655877,0.45397392,-0.390625,0.4209975,0.38747406,-0.425,0,0
-0.37554744,0.47443917,-0.390625,0.4209975,0.38747406,-0.425,0,0
-0.39724877,0.47330558,-0.390625,-0.4209975,0.38747406,-0.425,0,0
-0.36704576,0.485,0.48828125,-0.52073115,0.38747406,-0.425,0,0
-0.34330982,0.45968673,0.48828125,-0.52073115,0.38747406,-0.425,0,0
-0.31957388,0.43437344,0.48828125,-0.52073115,0.38747406,-0.425,0,0
-0.29583794,0.40906015,0.48828125,-0.52073115,0.38747406,-0.425,0,0
-0.272102,0.38374686,0.48828125,-0.52073115,0.38747406,-0.425,0,0
-0.24497521,0.3548174,0.48828125,-0.52073115,0.38747406,-0.425,0,0
-0.22123927,0.3295041,0.48828125,-0.52073115,0.38747406,-0.425,0,0
-0.19750333,0.3041908,0.48828125,-0.52073115,0.38747406,-0.425,0,0
-0.17376739,0.27887753,0.48828125,-0.52073115,0.38747406,-0.425,0,0
-0.1466406,0.24994805,0.48828125,-0.52073115,0.38747406,-0.425,0,0
-0.122904666,0.22463477,0.48828125,-0.52073115,0.38747406,-0.425,0,0
-0.09916878,0.19932148,0.48828125,-0.52073115,0.38747406,-0.425,0,0
-0.07543289,0.17400819,0.48828125,-0.52073115,0.38747406,-0.425,0,0
-0.051697,0.1486949,0.48828125,-0.52073115,0.38747406,-0.40416676,0,1
-0.027961113,0.12338161,0.48828125,-0.52073115,0.38747406,-0.3798613,0,1
-0.0008343784,0.094452076,0.48828125,-0.52073115,0.38747406,-0.35208362,0,1
0.022901516,0.069138736,0.48828125,-0.52073115,0.38747406,-0.32777816,0,1
0.046637405,0.043825418,0.48828125,-0.52073115,0.38747406,-0.3034727,0,1
0.0703733,0.018512104,0.48828125,-0.52073115,0.38747406,-0.27916723,0,1
0.094109185,-0.006801217,0.48828125,-0.52073115,0.38747406,-0.25486177,0,1
0.121235915,-0.035730723,0.48828125,-0.52073115,0.38747406,-0.23402844,0,0
0.14497185,-0.061044037,0.48828125,-0.52073115,0.38747406,-0.23402844,0,0
0.16870779,-0.08635738,0.48828125,-0.52073115,0.38747406,-0.23402844,0,0
0.19244373,-0.11167072,0.48828125,-0.52073115,0.38747406,-0.23402844,0,0
0.21617967,-0.13698404,0.48828125,-0.52073115,0.38747406,-0.23402844,0,0
0.24330646,-0.1659135,0.48828125,-0.52073115,0.38747406,-0.23402844,0,0
0.2670424,-0.1912268,0.48828125,-0.52073115,0.38747406,-0.23402844,0,0
0.29077834,-0.21654008,0.48828125,-0.52073115,0.38747406,-0.23402844,0,0
0.31451428,-0.24185337,0.48828125,-0.52073115,0.38747406,-0.23402844,0,0
0.33825022,-0.26716667,0.48828125,-0.52073115,0.38747406,-0.24444512,0,-1
0.365377,-0.29609615,0.48828125,-0.52073115,0.38747406,-0.27222282,0,-1
0.37976146,-0.31919125,-0.61035156,-0.20131168,0.38747406,-0.29652828,0,-1
0.35009164,-0.32897723,-0.61035156,-0.20131168,0.38747406,-0.32083374,0,-1
0.32042181,-0.3387632,-0.61035156,-0.20131168,0.38747406,-0.3451392,0,-1
0.28651345,-0.34994718,-0.61035156,-0.20131168,0.38747406,-0.37291688,0,-1
0.25684363,-0.35973316,-0.61035156,-0.20131168,0.38747406,-0.3868057,0,0
0.2271738,-0.36951914,-0.61035156,-0.20131168,0.3631686,-0.3868057,-1,0
0.19750398,-0.37930512,-0.61035156,-0.20131168,0.33886313,-0.3868057,-1,0
0.16783416,-0.3890911,-0.61035156,-0.20131168,0.31455767,-0.3868057,-1,0
0.13816434,-0.39887708,-0.61035156,-0.20131168,0.2902522,-0.3868057,-1,0
0.10425594,-0.41006106,-0.61035156,-0.20131168,0.26247454,-0.3868057,-1,0
0.07458606,-0.41984704,-0.61035156,-0.20131168,0.23816901,-0.3868057,-1,0
0.04491619,-0.42963302,-0.61035156,-0.20131168,0.21386345,-0.3868057,-1,0
0.015246318,-0.439419,-0.61035156,-0.20131168,0.18955788,-0.3868057,-1,0
-0.018662103,-0.45060298,-0.61035156,-0.20131168,0.16178009,-0.3868057,-1,0
-0.048331976,-0.46038896,-0.61035156,-0.20131168,0.13747452,-0.3868057,-1,0
-0.07800185,-0.47017494,-0.61035156,-0.20131168,0.113168955,-0.3868057,-1,0
-0.10767172,-0.47996092,-0.61035156,-0.20131168,0.08886339,-0.3868057,-1,0
-0.13734157,-0.48080602,-0.61035156,0.20131168,0.06455782,-0.3868057,-1,0
-0.1670114,-0.47102004,-0.61035156,0.20131168,0.040252253,-0.3868057,-1,0
-0.20091976,-0.45983607,-0.61035156,0.20131168,0.012474474,-0.3868057,-1,0
-0.23058958,-0.4500501,-0.61035156,0.20131168,-0.0118310815,-0.3868057,-1,0
-0.26025942,-0.4402641,-0.61035156,0.20131168,-0.03613664,-0.3868057,-1,0
-0.28992924,-0.43047813,-0.61035156,0.20131168,-0.060442206,-0.3868057,-1,0
-0.31959906,-0.42069215,-0.61035156,0.20131168,-0.08474777,-0.3868057,-1,0
-0.35350743,-0.40950817,-0.61035156,0.20131168,-0.11252556,-0.3868057,-1,0
-0.38317725,-0.3997222,-0.61035156,0.20131168,-0.13683112,-0.3868057,-1,0
-0.41284707,-0.3899362,-0.61035156,0.20131168,-0.16113669,-0.3868057,-1,0
-0.4425169,-0.38015023,-0.61035156,0.20131168,-0.18544225,-0.3868057,-1,0
-0.4721867,-0.37036425,-0.61035156,0.20131168,-0.20974782,-0.3868057,-1,0
0.0027777778,-4.4453416E-05,0.2,-0.003200646,-0.23752561,-0.3868057,-1,0
0.0125,-0.00020004039,0.2,-0.003200646,-0.26183113,-0.3868057,-1,0
0.022222223,-0.00035562736,0.2,-0.003200646,-0.2861366,-0.3868057,-1,0
0.031944446,-0.0005112143,0.2,-0.003200646,-0.2896088,-0.3868057,0,0
0.041666668,-0.0006668013,0.2,-0.003200646,-0.2896088,-0.3868057,0,0
0.05277778,-0.000844615,0.2,-0.003200646,-0.2896088,-0.3868057,0,0
0.0625,-0.0010002019,0.2,-0.003200646,-0.2896088,-0.3868057,0,0
0.07222225,-0.0011557889,0.2,-0.003200646,-0.2896088,-0.36944467,0,1
0.081944495,-0.0013113759,0.2,-0.003200646,-0.2896088,-0.3451392,0,1
0.09166674,-0.0014669629,0.2,-0.003200646,-0.2896088,-0.32083374,0,1
0.10277788,-0.0016447766,0.2,-0.003200646,-0.2896088,-0.29305607,0,1
0.11250013,-0.0018003635,0.2,-0.003200646,-0.2896088,-0.2687506,0,1
0.12222238,-0.0019559504,0.2,-0.003200646,-0.2896088,-0.24444512,0,1
0.13194463,-0.0021115374,0.2,-0.003200646,-0.2896088,-0.22013955,0,1
0.14305577,-0.002289351,0.2,-0.003200646,-0.2896088,-0.19236176,0,1
0.15277801,-0.002444938,0.2,-0.003200646,-0.2896088,-0.16805619,0,1
0.16250026,-0.002600525,0.2,-0.003200646,-0.2896088,-0.14375062,0,1
0.17222251,-0.002756112,0.2,-0.003200646,-0.2896088,-0.119445056,0,1
0.18194476,-0.002911699,0.2,-0.003200646,-0.2896088,-0.09513949,0,1
0.191667,-0.003067286,0.2,-0.003200646,-0.2896088,-0.07083392,0,1
0.20277815,-0.0032450997,0.2,-0.003200646,-0.2896088,-0.04305613,0,1
0.2125004,-0.0034006867,0.2,-0.003200646,-0.2896088,-0.01875057,0,1
0.22222264,-0.0035562736,0.2,-0.003200646,-0.2896088,0.0055549843,0,1
0.23194489,-0.0037118606,0.2,-0.003200646,-0.2896088,0.02986054,0,1
0.24166714,-0.0038674476,0.2,-0.003200646,-0.2896088,0.054166105,0,1
0.25277823,-0.0040452597,0.2,-0.003200646,-0.2896088,0.05763833,0,0
0.26250038,-0.004200845,0.2,-0.003200646,-0.2896088,0.05763833,0,0
0.27222252,-0.0043564304,0.2,-0.003200646,-0.2896088,0.05763833,0,0
0.28194466,-0.0045120157,0.2,-0.003200646,-0.2896088,0.05763833,0,0
0.29305568,-0.0046898276,0.2,-0.003200646,-0.2896088,0.05763833,0,0
0.30277783,-0.004845413,0.2,-0.003200646,-0.2896088,0.05763833,0,0
0.31249997,-0.0050009983,0.2,-0.003200646,-0.2896088,0.05763833,0,0
0.3222221,-0.0051565836,0.2,-0.003200646,-0.2896088,0.05763833,0,0
0.33194426,-0.005312169,0.2,-0.003200646,-0.2896088,0.05763833,0,0
0.34166622,-0.0054677515,0.2,-0.003200646,-0.2896088,0.05763833,0,0
0.35277653,-0.005645552,0.2,-0.003200646,-0.2896088,0.05763833,0,0
0.36249804,-0.0058011278,0.2,-0.003200646,-0.2896088,0.033334326,0,-1
0.37221956,-0.0059567033,0.2,-0.003200646,-0.2896088,0.0090303235,0,-1
0.38194108,-0.006112279,0.2,-0.003200646,-0.2896088,-0.015273677,0,-1
0.37532008,-0.004297942,-0.25,0.053536497,-0.2896088,-0.022217678,0,0
0.3614322,-0.0013238825,-0.25,0.053536497,-0.2896088,-0.022217678,0,0
0.3492803,0.0012784195,-0.25,0.053536497,-0.2896088,-0.022217678,0,0
0.3371284,0.0038807215,-0.25,0.053536497,-0.2896088,-0.022217678,0,0
0.3249765,0.0064830235,-0.25,0.053536497,-0.2826648,-0.022217678,1,0
0.3128246,0.009085327,-0.25,0.053536497,-0.2583608,-0.022217678,1,0
0.29893672,0.012059391,-0.25,0.053536497,-0.2305848,-0.022217678,1,0
0.28678483,0.014661696,-0.25,0.053536497,-0.2062808,-0.022217678,1,0
0.27463293,0.017264001,-0.25,0.053536497,-0.1819768,-0.022217678,1,0
0.26248103,0.019866306,-0.25,0.053536497,-0.1576728,-0.022217678,1,0
0.25032914,0.022468612,-0.25,0.053536497,-0.13336879,-0.022217678,1,0
0.23644114,0.025442675,-0.25,0.053536497,-0.10559279,-0.022217678,1,0
0.22428913,0.02804498,-0.25,0.053536497,-0.081288785,-0.022217678,1,0
0.21213713,0.030647285,-0.25,0.053536497,-0.056984782,-0.022217678,1,0
0.19998513,0.03324959,-0.25,0.053536497,-0.03268078,-0.022217678,1,0
0.18609713,0.036223654,-0.25,0.053536497,-0.0049047773,-0.022217678,1,0
0.17394513,0.03882596,-0.25,0.053536497,0.019399224,-0.022217678,1,0
0.16179313,0.041428264,-0.25,0.053536497,0.043703225,-0.022217678,1,0
0.14964113,0.04403057,-0.25,0.053536497,0.06800722,-0.022217678,1,0
0.13748913,0.046632875,-0.25,0.053536497,0.092311226,-0.022217678,1,0
0.12533712,0.04923518,-0.25,0.053536497,0.11661523,-0.022217678,1,0
0.11144912,0.052209243,-0.25,0.053536497,0.14439122,-0.022217678,1,0
0.09929712,0.05481155,-0.25,0.053536497,0.15827923,-0.022217678,0,0
0.08714512,0.057413854,-0.25,0.053536497,0.15827923,-0.022217678,0,0
0.07499312,0.06001616,-0.25,0.053536497,0.15827923,-0.022217678,0,0
0.06284112,0.062618464,-0.25,0.053536497,0.15827923,-0.022217678,0,0
0.048953116,0.0655925,-0.25,0.053536497,0.15827923,-0.022217678,0,0
0.036801115,0.06819478,-0.25,0.053536497,0.15827923,-0.022217678,0,0
0.024649113,0.070797056,-0.25,0.053536497,0.15827923,-0.022217678,0,0
0.012497112,0.073399335,-0.25,0.053536497,0.15827923,-0.022217678,0,0
0.0003451116,0.076001614,-0.25,0.053536497,0.15827923,-0.022217678,0,0
-0.013542889,0.07897565,-0.25,0.053536497,0.15827923,-0.022217678,0,0
-0.02569489,0.08157793,-0.25,0.053536497,0.15827923,-0.022217678,0,0
-0.03784689,0.084180206,-0.25,0.053536497,0.15827923,-0.022217678,0,0
-0.04999889,0.086782485,-0.25,0.053536497,0.15827923,-0.022217678,0,0
-0.062150892,0.089384764,-0.25,0.053536497,0.15827923,-0.022217678,0,0
-0.07603889,0.0923588,-0.25,0.053536497,0.15827923,-0.022217678,0,0
-0.08819089,0.09496108,-0.25,0.053536497,0.15827923,-0.022217678,0,0
-0.10034289,0.097563356,-0.25,0.053536497,0.15827923,-0.022217678,0,0
-0.11249489,0.100165635,-0.25,0.053536497,0.15827923,-0.022217678,0,0
-0.124646895,0.102767915,-0.25,0.053536497,0.15827923,-0.022217678,0,0
-0.13853489,0.10574195,-0.25,0.053536497,0.15827923,-0.022217678,0,0
-0.15068689,0.10834423,-0.25,0.053536497,0.15827923,-0.022217678,0,0
-0.16283889,0.110946506,-0.25,0.053536497,0.15827923,-0.022217678,0,0
-0.17499089,0.113548785,-0.25,0.053536497,0.15827923,-0.022217678,0,0
-0.1871429,0.116151065,-0.25,0.053536497,0.15827923,-0.022217678,0,0
-0.2010309,0.1191251,-0.25,0.053536497,0.15827923,-0.022217678,0,0
-0.2131829,0.12172738,-0.25,0.053536497,0.15827923,-0.022217678,0,0
-0.2253349,0.12432966,-0.25,0.053536497,0.15827923,-0.022217678,0,0
-0.2374869,0.12693194,-0.25,0.053536497,0.15827923,-0.022217678,0,0
-0.2496389,0.12953421,-0.25,0.053536497,0.15827923,-0.022217678,0,0
-0.2635268,0.13250825,-0.25,0.053536497,0.15827923,-0.022217678,0,0
-0.2756787,0.13511053,-0.25,0.053536497,0.15827923,-0.022217678,0,0
-0.2878306,0.1377128,-0.25,0.053536497,0.15827923,-0.022217678,0,0
-0.2999825,0.14031509,-0.25,0.053536497,0.15827923,-0.022217678,0,0
-0.3121344,0.14291736,-0.25,0.053536497,0.15827923,-0.022217678,0,0
-0.32602227,0.1458914,-0.25,0.053536497,0.15827923,-0.022217678,0,0
-0.33817416,0.14849368,-0.25,0.053536497,0.15827923,-0.022217678,0,0
-0.35032606,0.15109596,-0.25,0.053536497,0.15827923,-0.022217678,0,0
-0.36247796,0.15369824,-0.25,0.053536497,0.15827923,-0.022217678,0,0
-0.37462986,0.15630051,-0.25,0.053536497,0.15827923,-0.022217678,0,0
-0.37966,0.15854561,0.3125,0.0010492279,0.15827923,-0.022217678,0,0
-0.36447003,0.15859662,0.3125,0.0010492279,0.15827923,-0.022217678,0,0
-0.34928006,0.15864763,0.3125,0.0010492279,0.15827923,-0.022217678,0,0
-0.33409008,0.15869863,0.3125,0.0010492279,0.15827923,-0.022217678,0,0
-0.3189001,0.15874964,0.3125,0.0010492279,0.15827923,-0.022217678,0,0
-0.30154014,0.15880793,0.3125,0.0010492279,0.15827923,-0.022217678,0,0
-0.28635016,0.15885894,0.3125,0.0010492279,0.16522323,-0.022217678,1,0
-0.2711602,0.15890995,0.3125,0.0010492279,0.18952723,-0.022217678,1,0
-0.2559702,0.15896095,0.3125,0.0010492279,0.21383123,-0.022217678,1,0
-0.24078023,0.15901196,0.3125,0.0010492279,0.21383123,-0.022217678,0,0
-0.22342026,0.15907025,0.3125,0.0010492279,0.21383123,-0.022217678,0,0
-0.20823029,0.15912126,0.3125,0.0010492279,0.21383123,-0.022217678,0,0
-0.19304031,0.15917227,0.3125,0.0010492279,0.21383123,-0.022217678,0,0
-0.17785034,0.15922327,0.3125,0.0010492279,0.21383123,-0.022217678,0,0
-0.16049036,0.15928157,0.3125,0.0010492279,0.21383123,-0.022217678,0,0
-0.14530039,0.15933257,0.3125,0.0010492279,0.21383123,-0.022217678,0,0
-0.13011041,0.15938358,0.3125,0.0010492279,0.21383123,-0.022217678,0,0
-0.11492044,0.15943459,0.3125,0.0010492279,0.21383123,-0.022217678,0,0
-0.09973046,0.1594856,0.3125,0.0010492279,0.21383123,-0.022217678,0,0
-0.08454049,0.1595366,0.3125,0.0010492279,0.21383123,-0.011801677,0,1
-0.067180514,0.1595949,0.3125,0.0010492279,0.21383123,0.015974324,0,1
-0.05199052,0.1596459,0.3125,0.0010492279,0.21383123,0.040278327,0,1
-0.03680052,0.1596969,0.3125,0.0010492279,0.21383123,0.064582326,0,1
-0.021610517,0.15974791,0.3125,0.0010492279,0.21383123,0.08888633,0,1
-0.0042505153,0.1598062,0.3125,0.0010492279,0.21383123,0.11666233,0,1
0.010939485,0.15985721,0.3125,0.0010492279,0.21383123,0.14096633,0,1
0.026129486,0.15990822,0.3125,0.0010492279,0.21383123,0.16527033,0,1
0.041319486,0.15995923,0.3125,0.0010492279,0.21383123,0.18957433,0,1
0.056509487,0.16001023,0.3125,0.0010492279,0.21383123,0.21387833,0,1
0.07386947,0.16006853,0.3125,0.0010492279,0.21383123,0.22429433,0,0
0.08905944,0.16011953,0.3125,0.0010492279,0.21383123,0.22429433,0,0
0.10424942,0.16017054,0.3125,0.0010492279,0.21383123,0.22429433,0,0
0.11943939,0.16022155,0.3125,0.0010492279,0.21383123,0.22429433,0,0
0.13463025,0.16027255,0.3125,0.0010492279,0.21383123,0.22429433,0,0
0.15199141,0.16033085,0.3125,0.0010492279,0.21383123,0.22429433,0,0
0.16501229,0.16037457,0.3125,0.0010492279,0.21383123,0.22429433,0,0
0.18237345,0.16043286,0.3125,0.0010492279,0.21383123,0.22429433,0,0
0.19756447,0.16048387,0.3125,0.0010492279,0.21383123,0.22429433,0,0
0.21275549,0.16053487,0.3125,0.0010492279,0.21383123,0.22429433,0,0
0.2279465,0.16058588,0.3125,0.0010492279,0.21383123,0.22429433,0,0
0.24530767,0.16064417,0.3125,0.0010492279,0.21383123,0.22429433,0,0
0.26049867,0.16069518,0.3125,0.0010492279,0.21383123,0.22429433,0,0
0.2756897,0.16074619,0.3125,0.0010492279,0.21383123,0.22429433,0,0
0.2908807,0.1607972,0.3125,0.0010492279,0.21383123,0.22429433,0,0
0.30824187,0.16085549,0.3125,0.0010492279,0.21383123,0.19998877,0,-1
0.3234329,0.1609065,0.3125,0.0010492279,0.21383123,0.1756832,0,-1
0.3386239,0.1609575,0.3125,0.0010492279,0.21383123,0.15137763,0,-1
0.35381493,0.1610085,0.3125,0.0010492279,0.21383123,0.12707207,0,-1
0.36900595,0.16105951,0.3125,0.0010492279,0.21383123,0.1027665,0,-1
0.38419697,0.16111052,0.3125,0.0010492279,0.21383123,0.07846093,0,-1
0.40155813,0.16116881,0.3125,0.0010492279,0.21383123,0.06804426,0,0
0.41674915,0.16121982,0.3125,0.0010492279,0.21383123,0.06804426,0,0
0.43194017,0.16127083,0.3125,0.0010492279,0.18952566,0.06804426,-1,0
0.4471312,0.16132183,0.3125,0.0010492279,0.1652201,0.06804426,-1,0
0.4623222,0.16137284,0.3125,0.0010492279,0.14091453,0.06804426,-1,0
0.47968337,0.16143113,0.3125,0.0010492279,0.14091453,0.06804426,0,0
0,0,-0.2,-0.003930178,0.14091453,0.06804426,0,0
-0.009722223,-0.00019105032,-0.2,-0.003930178,0.14091453,0.06804426,0,0
-0.019444445,-0.00038210064,-0.2,-0.003930178,0.14091453,0.06804426,0,0
-0.029166667,-0.00057315093,-0.2,-0.003930178,0.14091453,0.06804426,0,0
-0.04027778,-0.0007914939,-0.2,-0.003930178,0.14091453,0.06804426,0,0
-0.05,-0.000982544,-0.2,-0.003930178,0.14091453,0.06804426,0,0
-0.059722222,-0.0011735942,-0.2,-0.003930178,0.14091453,0.06804426,0,0
-0.06944446,-0.0013646443,-0.2,-0.003930178,0.14091453,0.06804426,0,0
-0.07916671,-0.0015556944,-0.2,-0.003930178,0.14091453,0.06804426,0,0
-0.09027785,-0.0017740374,-0.2,-0.003930178,0.12702563,0.06804426,-1,0
-0.1000001,-0.0019650876,-0.2,-0.003930178,0.10272007,0.06804426,-1,0
-0.109722346,-0.0021561377,-0.2,-0.003930178,0.0784145,0.06804426,-1,0
-0.119444594,-0.0023471878,-0.2,-0.003930178,0.054108933,0.06804426,-1,0
-0.13055573,-0.0025655308,-0.2,-0.003930178,0.026331145,0.06804426,-1,0
-0.14027798,-0.002756581,-0.2,-0.003930178,0.002025591,0.06804426,-1,0
-0.15000023,-0.002947631,-0.2,-0.003930178,-0.022279965,0.06804426,-1,0
-0.15972248,-0.0031386812,-0.2,-0.003930178,-0.029224409,0.06804426,0,0
-0.16944472,-0.0033297313,-0.2,-0.003930178,-0.029224409,0.06804426,0,0
-0.17916697,-0.0035207814,-0.2,-0.003930178,-0.029224409,0.06804426,0,0
-0.19027811,-0.0037391244,-0.2,-0.003930178,-0.029224409,0.06804426,0,0
-0.20000036,-0.0039301747,-0.2,-0.003930178,-0.029224409,0.06804426,0,0
-0.20972261,-0.004121225,-0.2,-0.003930178,-0.029224409,0.06804426,0,0
-0.21944486,-0.004312275,-0.2,-0.003930178,-0.029224409,0.06804426,0,0
-0.2291671,-0.004503325,-0.2,-0.003930178,-0.029224409,0.06804426,0,0
-0.24027824,-0.004721668,-0.2,-0.003930178,-0.029224409,0.06804426,0,0
-0.25000048,-0.004912718,-0.2,-0.003930178,-0.029224409,0.06804426,0,0
-0.25972262,-0.0051037683,-0.2,-0.003930178,-0.029224409,0.06804426,0,0
-0.26944476,-0.0052948184,-0.2,-0.003930178,-0.029224409,0.06804426,0,0
-0.28055578,-0.0055131614,-0.2,-0.003930178,-0.029224409,0.06804426,0,0
-0.29027793,-0.0057042115,-0.2,-0.003930178,-0.029224409,0.06804426,0,0
-0.30000007,-0.0058952617,-0.2,-0.003930178,-0.029224409,0.06804426,0,0
-0.30972221,-0.006086312,-0.2,-0.003930178,-0.029224409,0.06804426,0,0
-0.31944436,-0.006277362,-0.2,-0.003930178,-0.029224409,0.06804426,0,0
-0.3291665,-0.006468412,-0.2,-0.003930178,-0.029224409,0.06804426,0,0
-0.34027752,-0.006686755,-0.2,-0.003930178,-0.029224409,0.06804426,0,0
-0.34999967,-0.006877805,-0.2,-0.003930178,-0.029224409,0.06804426,0,0
-0.3597218,-0.007068855,-0.2,-0.003930178,-0.029224409,0.06804426,0,0
-0.36944395,-0.0072599053,-0.2,-0.003930178,-0.029224409,0.06804426,0,0
-0.3791661,-0.0074509555,-0.2,-0.003930178,-0.029224409,0.06804426,0,0
-0.3770556,-0.0055541755,0.25,0.07221427,-0.029224409,0.06804426,0,0
-0.36490285,-0.0020437604,0.25,0.07221427,-0.029224409,0.06804426,0,0
-0.35275012,0.0014666555,0.25,0.07221427,-0.029224409,0.06804426,0,0
-0.3405974,0.0049770707,0.25,0.07221427,-0.029224409,0.06804426,0,0
-0.32844466,0.008487486,0.25,0.07221427,-0.029224409,0.06804426,0,0
-0.31455582,0.012499393,0.25,0.07221427,-0.029224409,0.06804426,0,0
-0.3024031,0.016009811,0.25,0.07221427,-0.029224409,0.06804426,0,0
-0.29025036,0.019520223,0.25,0.07221427,-0.029224409,0.06804426,0,0
-0.27809763,0.023030635,0.25,0.07221427,-0.029224409,0.081933156,0,1
-0.2642088,0.027042534,0.25,0.07221427,-0.029224409,0.10971095,0,1
-0.25205606,0.030552946,0.25,0.07221427,-0.029224409,0.13401651,0,1
-0.23990333,0.034063358,0.25,0.07221427,-0.029224409,0.15137763,0,0
-0.2277506,0.03757377,0.25,0.07221427,-0.029224409,0.15137763,0,0
-0.21559787,0.04108418,0.25,0.07221427,-0.029224409,0.15137763,0,0
-0.20344514,0.044594593,0.25,0.07221427,-0.029224409,0.15137763,0,0
-0.1895563,0.048606493,0.25,0.07221427,-0.029224409,0.15137763,0,0
-0.17740357,0.052116904,0.25,0.07221427,-0.029224409,0.15137763,0,0
-0.16525084,0.055627316,0.25,0.07221427,-0.029224409,0.15137763,0,0
-0.1530981,0.059137728,0.25,0.07221427,-0.029224409,0.15137763,0,0
-0.14094537,0.06264814,0.25,0.07221427,-0.029224409,0.15137763,0,0
-0.12705654,0.06666007,0.25,0.07221427,-0.029224409,0.15137763,0,0
-0.11490376,0.07017051,0.25,0.07221427,-0.029224409,0.15137763,0,0
-0.10275098,0.073680945,0.25,0.07221427,-0.029224409,0.15137763,0,0
-0.090598196,0.07719138,0.25,0.07221427,-0.029224409,0.15137763,0,0
-0.07844541,0.08070182,0.25,0.07221427,-0.029224409,0.15137763,0,0
-0.06455652,0.08471375,0.25,0.07221427,-0.029224409,0.15137763,0,0
-0.052403733,0.08822419,0.25,0.07221427,-0.029224409,0.15137763,0,0
-0.04025095,0.091734625,0.25,0.07221427,-0.029224409,0.15137763,0,0
-0.028098166,0.09524506,0.25,0.07221427,-0.029224409,0.15137763,0,0
-0.015945382,0.0987555,0.25,0.07221427,-0.029224409,0.15137763,0,0
-0.0020564944,0.10276743,0.25,0.07221427,-0.029224409,0.15137763,0,0
0.010096284,0.10627787,0.25,0.07221427,-0.029224409,0.15137763,0,0
0.022249063,0.109788306,0.25,0.07221427,-0.029224409,0.15137763,0,0
0.034401845,0.113298744,0.25,0.07221427,-0.029224409,0.15137763,0,0
0.04829074,0.11731067,0.25,0.07221427,-0.029224409,0.15137763,0,0
0.060443524,0.12082111,0.25,0.07221427,-0.029224409,0.15137763,0,0
0.072596304,0.12433155,0.25,0.07221427,-0.029224409,0.15137763,0,0
0.08474909,0.12784195,0.25,0.07221427,-0.029224409,0.15137763,0,0
0.09690187,0.13135234,0.25,0.07221427,-0.029224409,0.15137763,0,0
0.109054655,0.13486272,0.25,0.07221427,-0.029224409,0.15137763,0,0
0.12294355,0.13887459,0.25,0.07221427,-0.029224409,0.1617943,0,1
0.1350963,0.14238498,0.25,0.07221427,-0.029224409,0.18609987,0,1
0.14724903,0.14589536,0.25,0.07221427,-0.029224409,0.21040544,0,1
0.15940176,0.14940575,0.25,0.07221427,-0.029224409,0.22776656,0,0
0.17155449,0.15291613,0.25,0.07221427,-0.029224409,0.22776656,0,0
0.18544333,0.156928,0.25,0.07221427,-0.029224409,0.22776656,0,0
0.19759606,0.16043839,0.25,0.07221427,-0.029224409,0.22776656,0,0
0.20974879,0.16394877,0.25,0.07221427,-0.029224409,0.22776656,0,0
0.22190152,0.16745916,0.25,0.07221427,-0.029224409,0.22776656,0,0
0.23405425,0.17096955,0.25,0.07221427,-0.029224409,0.22776656,0,0
0.24794309,0.17498142,0.25,0.07221427,-0.029224409,0.22776656,0,0
0.26009583,0.1784918,0.25,0.07221427,-0.029224409,0.22776656,0,0
0.27224857,0.18200219,0.25,0.07221427,-0.029224409,0.22776656,0,0
0.2844013,0.18551257,0.25,0.07221427,-0.029224409,0.22776656,0,0
0.29655403,0.18902296,0.25,0.07221427,-0.029224409,0.22776656,0,0
0.31044286,0.19303483,0.25,0.07221427,-0.029224409,0.22776656,0,0
0.3225956,0.19654521,0.25,0.07221427,-0.029224409,0.22776656,0,0
0.33474833,0.2000556,0.25,0.07221427,-0.029224409,0.22776656,0,0
0.34690106,0.20356598,0.25,0.07221427,-0.029224409,0.22776656,0,0
0.3607899,0.20757785,0.25,0.07221427,-0.029224409,0.22776656,0,0
0.37294263,0.21108824,0.25,0.07221427,-0.029224409,0.22776656,0,0
0.384,0.21459863,-0.3125,-0.05486638,-0.029224409,0.22776656,0,0
0.36880898,0.21193147,-0.3125,-0.05486638,-0.029224409,0.22776656,0,0
0.35361797,0.20926431,-0.3125,-0.05486638,-0.029224409,0.22776656,0,0
0.33842695,0.20659715,-0.3125,-0.05486638,-0.029224409,0.22776656,0,0
0.32106578,0.20354897,-0.3125,-0.05486638,-0.029224409,0.22776656,0,0
0.30587476,0.20088181,-0.3125,-0.05486638,-0.029224409,0.22776656,0,0
0.29068375,0.19821465,-0.3125,-0.05486638,-0.029224409,0.22776656,0,0
0.27549273,0.19554749,-0.3125,-0.05486638,-0.029224409,0.22776656,0,0
0.2603017,0.19288033,-0.3125,-0.05486638,-0.029224409,0.22776656,0,0
0.24294055,0.18983215,-0.3125,-0.05486638,-0.029224409,0.22776656,0,0
0.22774953,0.18716499,-0.3125,-0.05486638,-0.025752187,0.22776656,1,0
0.21255851,0.18449783,-0.3125,-0.05486638,-0.0014466324,0.22776656,1,0
0.19736749,0.18183067,-0.3125,-0.05486638,0.022858923,0.22776656,1,0
0.18217647,0.17916352,-0.3125,-0.05486638,0.047164485,0.22776656,1,0
0.1648153,0.17611533,-0.3125,-0.05486638,0.074942276,0.22776656,1,0
0.14962429,0.17344818,-0.3125,-0.05486638,0.08188672,0.22776656,0,0
0.13443327,0.17078102,-0.3125,-0.05486638,0.08188672,0.22776656,0,0
0.11924227,0.16811386,-0.3125,-0.05486638,0.08188672,0.22776656,0,0
0.10405131,0.1654467,-0.3125,-0.05486638,0.08188672,0.22776656,0,0
0.0866902,0.16239852,-0.3125,-0.05486638,0.08188672,0.22776656,0,0
0.071499236,0.15973136,-0.3125,-0.05486638,0.08188672,0.22776656,0,0
0.05630827,0.1570642,-0.3125,-0.05486638,0.08188672,0.22776656,0,0
0.041117303,0.15439704,-0.3125,-0.05486638,0.08188672,0.22776656,0,0
0.025926337,0.15172988,-0.3125,-0.05486638,0.08188672,0.22776656,0,0
0.008565228,0.1486817,-0.3125,-0.05486638,0.08188672,0.22776656,0,0
-0.0066257445,0.14601454,-0.3125,-0.05486638,0.08188672,0.22776656,0,0
-0.021816716,0.14334738,-0.3125,-0.05486638,0.08188672,0.22776656,0,0
-0.037007682,0.14068022,-0.3125,-0.05486638,0.08188672,0.22776656,0,0
-0.05219865,0.13801306,-0.3125,-0.05486638,0.08188672,0.22776656,0,0
-0.067389615,0.1353459,-0.3125,-0.05486638,0.08188672,0.22776656,0,0
-0.08475072,0.13229772,-0.3125,-0.05486638,0.08188672,0.22776656,0,0
-0.099941686,0.12963057,-0.3125,-0.05486638,0.08188672,0.22776656,0,0
-0.11513265,0.1269634,-0.3125,-0.05486638,0.08188672,0.22776656,0,0
-0.13032363,0.12429626,-0.3125,-0.05486638,0.08188672,0.22776656,0,0
-0.1476848,0.12124814,-0.3125,-0.05486638,0.08188672,0.22776656,0,0
-0.16287582,0.118581034,-0.3125,-0.05486638,0.08188672,0.22776656,0,0
-0.17806683,0.11591393,-0.3125,-0.05486638,0.08188672,0.22776656,0,0
-0.19325785,0.11324682,-0.3125,-0.05486638,0.08188672,0.22776656,0,0
-0.21061902,0.1101987,-0.3125,-0.05486638,0.08188672,0.22776656,0,0
-0.22581004,0.10753159,-0.3125,-0.05486638,0.08188672,0.22776656,0,0
-0.24100105,0.104864486,-0.3125,-0.05486638,0.08188672,0.22776656,0,0
-0.25619206,0.10219738,-0.3125,-0.05486638,0.08188672,0.22776656,0,0
-0.27138308,0.09953027,-0.3125,-0.05486638,0.08188672,0.22776656,0,0
-0.2865741,0.096863165,-0.3125,-0.05486638,0.08188672,0.22776656,0,0
-0.30393526,0.09381504,-0.3125,-0.05486638,0.08188672,0.22776656,0,0
-0.31912628,0.09114794,-0.3125,-0.05486638,0.08188672,0.22776656,0,0
-0.3343173,0.08848083,-0.3125,-0.05486638,0.08188672,0.22776656,0,0
-0.34950832,0.08581372,-0.3125,-0.05486638,0.08188672,0.22776656,0,0
-0.36686948,0.0827656,-0.3125,-0.05486638,0.08188672,0.22776656,0,0
-0.3820605,0.080098495,-0.3125,-0.05486638,0.08188672,0.22776656,0,0
-0.367724,0.07924671,0.390625,-0.011298145,0.08188672,0.22776656,0,0
-0.34873533,0.07869747,0.390625,-0.011298145,0.08188672,0.22776656,0,0
-0.32974666,0.07814824,0.390625,-0.011298145,0.08188672,0.22776656,0,0
-0.310758,0.077599004,0.390625,-0.011298145,0.08188672,0.22776656,0,0
-0.28905666,0.07697131,0.390625,-0.011298145,0.08188672,0.22776656,0,0
-0.270068,0.07642207,0.390625,-0.011298145,0.08188672,0.22776656,0,0
-0.25107932,0.07587284,0.390625,-0.011298145,0.08188672,0.22776656,0,0
-0.23209065,0.075323604,0.390625,-0.011298145,0.08188672,0.22776656,0,0
-0.21038932,0.07469591,0.390625,-0.011298145,0.08188672,0.22776656,0,0
-0.19140065,0.07414667,0.390625,-0.011298145,0.08188672,0.22776656,0,0
-0.17241198,0.07359744,0.390625,-0.011298145,0.08188672,0.22776656,0,0
-0.15342331,0.073048204,0.390625,-0.011298145,0.08188672,0.22776656,0,0
-0.13443464,0.07249897,0.390625,-0.011298145,0.08188672,0.22776656,0,0
-0.11273327,0.07187127,0.390625,-0.011298145,0.08188672,0.22776656,0,0
-0.093744546,0.07132204,0.390625,-0.011298145,0.08188672,0.22776656,0,0
-0.074755825,0.070772804,0.390625,-0.011298145,0.07147005,0.22776656,-1,0
-0.055767104,0.07022357,0.390625,-0.011298145,0.047164485,0.22776656,-1,0
-0.036778383,0.069674335,0.390625,-0.011298145,0.022858923,0.22776656,-1,0
-0.017789662,0.0691251,0.390625,-0.011298145,0.008970035,0.22776656,0,0
0.003911727,0.068497404,0.390625,-0.011298145,0.008970035,0.22776656,0,0
0.022900444,0.06794817,0.390625,-0.011298145,0.008970035,0.22776656,0,0
0.041889165,0.067398936,0.390625,-0.011298145,0.008970035,0.22429433,0,-1
0.060877886,0.0668497,0.390625,-0.011298145,0.008970035,0.19998877,0,-1
0.0798666,0.06630047,0.390625,-0.011298145,0.008970035,0.1756832,0,-1
0.101568,0.06567277,0.390625,-0.011298145,0.008970035,0.14790541,0,-1
0.12055672,0.065123536,0.390625,-0.011298145,0.008970035,0.12359984,0,-1
0.1395454,0.0645743,0.390625,-0.011298145,0.008970035,0.116655394,0,0
0.15853406,0.06402507,0.390625,-0.011298145,0.008970035,0.116655394,0,0
0.17752273,0.06347583,0.390625,-0.011298145,0.008970035,0.116655394,0,0
0.19922407,0.062848136,0.390625,-0.011298145,0.008970035,0.116655394,0,0
0.21821274,0.062298913,0.390625,-0.011298145,0.008970035,0.116655394,0,0
0.23720141,0.061749704,0.390625,-0.011298145,0.008970035,0.11318317,0,-1
0.2561901,0.061200496,0.390625,-0.011298145,0.008970035,0.0888776,0,-1
0.27517805,0.060651302,0.390625,-0.011298145,0.008970035,0.06457293,0,-1
0.29687795,0.060023665,0.390625,-0.011298145,0.008970035,0.036796927,0,-1
0.31586537,0.059474483,0.390625,-0.011298145,0.008970035,0.029852927,0,0
0.33485278,0.0589253,0.390625,-0.011298145,0.008970035,0.029852927,0,0
0.3538402,0.05837612,0.390625,-0.011298145,0.008970035,0.029852927,0,0
0.37282762,0.057826936,0.390625,-0.011298145,0.008970035,0.029852927,0,0
0.37382817,0.06117544,-0.48828125,0.1795686,0.008970035,0.029852927,0,0
0.3500939,0.069903895,-0.48828125,0.1795686,0.008970035,0.029852927,0,0
0.32635963,0.07863235,-0.48828125,0.1795686,0.008970035,0.029852927,0,0
0.30262536,0.0873608,-0.48828125,0.1795686,0.008970035,0.029852927,0,0
0.2788911,0.09608925,-0.48828125,0.1795686,0.008970035,0.029852927,0,0
0.2517662,0.106064625,-0.48828125,0.1795686,0.029802037,0.029852927,1,0
0.22803183,0.11479308,-0.48828125,0.1795686,0.054106038,0.029852927,1,0
0.20429745,0.12352153,-0.48828125,0.1795686,0.07841004,0.029852927,1,0
0.18056308,0.13225003,-0.48828125,0.1795686,0.10271404,0.029852927,1,0
0.1568287,0.14097853,-0.48828125,0.1795686,0.12701803,0.029852927,1,0
0.1297037,0.15095396,-0.48828125,0.1795686,0.15479404,0.029852927,1,0
0.105969325,0.15968247,-0.48828125,0.1795686,0.17909804,0.029852927,1,0
0.08223495,0.16841097,-0.48828125,0.1795686,0.20340204,0.029852927,1,0
0.058500573,0.17713948,-0.48828125,0.1795686,0.22770604,0.029852927,1,0
0.034766197,0.18586798,-0.48828125,0.1795686,0.25201005,0.029852927,1,0
0.011031821,0.19459648,-0.48828125,0.1795686,0.25201005,0.029852927,0,0
-0.016093178,0.20457192,-0.48828125,0.1795686,0.25201005,0.029852927,0,0
-0.03982755,0.21330042,-0.48828125,0.1795686,0.25201005,0.029852927,0,0
-0.063561924,0.22202893,-0.48828125,0.1795686,0.25201005,0.029852927,0,0
-0.090686925,0.23200436,-0.48828125,0.1795686,0.25201005,0.029852927,0,0
-0.1144213,0.24073286,-0.48828125,0.1795686,0.25201005,0.029852927,0,0
-0.13815567,0.24946137,-0.48828125,0.1795686,0.25201005,0.029852927,0,0
-0.16189004,0.25818986,-0.48828125,0.1795686,0.25201005,0.029852927,0,0
-0.18562442,0.26691836,-0.48828125,0.1795686,0.25201005,0.029852927,0,0
-0.2093588,0.27564687,-0.48828125,0.1795686,0.25201005,0.029852927,0,0
-0.23309317,0.28437537,-0.48828125,0.1795686,0.25895405,0.029852927,1,0
-0.2602181,0.2943508,-0.48828125,0.1795686,0.28673005,0.029852927,1,0
-0.2839524,0.3030793,-0.48828125,0.1795686,0.31103405,0.029852927,1,0
-0.30768666,0.3118078,-0.48828125,0.1795686,0.33533806,0.029852927,1,0
-0.33142093,0.32053632,-0.48828125,0.1795686,0.35964206,0.029852927,1,0
-0.3551552,0.32926482,-0.48828125,0.1795686,0.38394606,0.029852927,1,0
-0.38228008,0.33924025,-0.48828125,0.1795686,0.40477806,0.029852927,0,0
-0.35857034,0.3186885,0.61035156,-0.5232005,0.40477806,0.029852927,0,0
-0.3289024,0.29325673,0.61035156,-0.5232005,0.40477806,0.029852927,0,0
-0.29923445,0.26782495,0.61035156,-0.5232005,0.40477806,0.029852927,0,0
-0.26532823,0.23876005,0.61035156,-0.5232005,0.40477806,0.029852927,0,0
-0.23566028,0.21332827,0.61035156,-0.5232005,0.40477806,0.029852927,0,0
-0.20599234,0.18789649,0.61035156,-0.5232005,0.40477806,0.029852927,0,0
-0.1763244,0.16246471,0.61035156,-0.5232005,0.40477806,0.029852927,0,0
-0.14665645,0.13703293,0.61035156,-0.5232005,0.40477806,0.029852927,0,0
-0.11275023,0.10796807,0.61035156,-0.5232005,0.40477806,0.029852927,0,0
-0.08308229,0.08253634,0.61035156,-0.5232005,0.40477806,0.029852927,0,0
-0.053414334,0.05710461,0.61035156,-0.5232005,0.40477806,0.015964925,0,-1
-0.023746364,0.03167288,0.61035156,-0.5232005,0.40477806,-0.008339075,0,-1
0.005921604,0.00624115,0.61035156,-0.5232005,0.40477806,-0.032643076,0,-1
0.039827853,-0.022823684,0.61035156,-0.5232005,0.40477806,-0.06041908,0,-1
0.06949582,-0.048255414,0.61035156,-0.5232005,0.40477806,-0.08472308,0,-1
0.09916376,-0.07368714,0.61035156,-0.5232005,0.40477806,-0.10902708,0,-1
0.12883171,-0.09911887,0.61035156,-0.5232005,0.40477806,-0.13333108,0,-1
0.15849966,-0.1245506,0.61035156,-0.5232005,0.39436206,-0.15763508,-1,-1
0.19240588,-0.15361547,0.61035156,-0.5232005,0.36658606,-0.18541108,-1,-1
0.22207382,-0.17904726,0.61035156,-0.5232005,0.34228206,-0.20971508,-1,-1
0.25174177,-0.20447904,0.61035156,-0.5232005,0.31797805,-0.23401909,-1,-1
0.2814097,-0.22991082,0.61035156,-0.5232005,0.29367405,-0.25832307,-1,-1
0.31531593,-0.2589757,0.61035156,-0.5232005,0.26589805,-0.28609908,-1,-1
0.34498388,-0.2844075,0.61035156,-0.5232005,0.24159405,-0.31040308,-1,-1
0.37465182,-0.30983928,0.61035156,-0.5232005,0.21729004,-0.33470708,-1,-1
0.36280864,-0.31384867,-0.76293945,0.24805161,0.19298604,-0.35901108,-1,-1
0.32572377,-0.30179128,-0.76293945,0.24805161,0.16868204,-0.3833151,-1,-1
0.28334105,-0.2880114,-0.76293945,0.24805161,0.14090604,-0.4110911,-1,-1
0.24625616,-0.275954,-0.76293945,0.24805161,0.11660203,-0.425,-1,-1
0.20917118,-0.2638966,-0.76293945,0.24805161,0.09229803,-0.425,-1,-1
0.1720862,-0.25183922,-0.76293945,0.24805161,0.06799403,-0.425,-1,-1
0.13500121,-0.23978192,-0.76293945,0.24805161,0.043690026,-0.425,-1,-1
0.09791623,-0.22772463,-0.76293945,0.24805161,0.019386023,-0.425,-1,0
0.0555334,-0.21394487,-0.76293945,0.24805161,-0.008389978,-0.425,-1,0
0.018448446,-0.20188758,-0.76293945,0.24805161,-0.03269398,-0.425,-1,0
-0.018636512,-0.18983029,-0.76293945,0.24805161,-0.05699798,-0.425,-1,0
-0.05572147,-0.177773,-0.76293945,0.24805161,-0.07782998,-0.425,0,0
-0.09280644,-0.16571571,-0.76293945,0.24805161,-0.07782998,-0.425,0,0
-0.13518928,-0.15193595,-0.76293945,0.24805161,-0.07435798,-0.425,1,0
-0.17227426,-0.13987866,-0.76293945,0.24805161,-0.050053976,-0.425,1,0
-0.20935924,-0.12782137,-0.76293945,0.24805161,-0.025749974,-0.425,1,0
-0.24644423,-0.11576408,-0.76293945,0.24805161,-0.022277974,-0.425,0,0
-0.28882694,-0.10198432,-0.76293945,0.24805161,-0.022277974,-0.425,0,0
-0.32061398,-0.0916495,-0.76293945,0.24805161,-0.022277974,-0.425,0,0
-0.3629967,-0.07786974,-0.76293945,0.24805161,-0.022277974,-0.425,0,0
-0.36413306,-0.08388064,0.9536743,-0.6192765,-0.015333973,-0.425,1,0
-0.31777686,-0.113982454,0.9536743,-0.6192765,0.008970028,-0.425,1,0
-0.27142066,-0.14408423,0.9536743,-0.6192765,0.015914029,-0.425,0,0
-0.21844214,-0.17848624,0.9536743,-0.6192765,0.015914029,-0.425,0,0
-0.17208594,-0.208588,0.9536743,-0.6192765,0.015914029,-0.425,0,0
-0.12572974,-0.23868977,0.9536743,-0.6192765,0.015914029,-0.425,0,0
-0.07937354,-0.2687916,0.9536743,-0.6192765,0.015914029,-0.425,0,0
-0.033017337,-0.29889345,0.9536743,-0.6192765,-0.0014459719,-0.425,-1,0
0.019961178,-0.33329558,0.9536743,-0.6192765,-0.029221974,-0.425,-1,0
0.06631738,-0.36339745,0.9536743,-0.6192765,-0.053525977,-0.425,-1,0
0.11267358,-0.3934993,0.9536743,-0.6192765,-0.07782998,-0.425,-1,0
0.15902978,-0.42360118,0.9536743,-0.6192765,-0.10213398,-0.425,-1,0
0.2120083,-0.4580033,0.9536743,-0.6192765,-0.11602198,-0.425,0,0
0.2583645,-0.485,0.9536743,0.6192765,-0.11602198,-0.425,0,0
0.3047207,-0.45489815,0.9536743,0.6192765,-0.11602198,-0.425,0,0
0.3510769,-0.42479628,0.9536743,0.6192765,-0.11602198,-0.425,0,0
0.36744422,-0.3985037,-1.1920929,0.34499264,-0.11602198,-0.425,0,-1
0.30122107,-0.37933865,-1.1920929,0.34499264,-0.11602198,-0.425,0,-1
0.24327582,-0.36256924,-1.1920929,0.34499264,-0.11602198,-0.425,0,-1
0.18533057,-0.34579983,-1.1920929,0.34499264,-0.11602198,-0.425,0,0
0.12738532,-0.32903042,-1.1920929,0.34499264,-0.11602198,-0.425,0,0
0.06944007,-0.31226102,-1.1920929,0.34499264,-0.11602198,-0.425,0,0
0.011494815,-0.2954916,-1.1920929,0.34499264,-0.11602198,-0.425,0,0
-0.05472833,-0.27632657,-1.1920929,0.34499264,-0.11602198,-0.425,0,0
-0.11267358,-0.25955716,-1.1920929,0.34499264,-0.11602198,-0.425,0,0
-0.17061883,-0.24278775,-1.1920929,0.34499264,-0.11602198,-0.425,0,0
-0.22856408,-0.22601834,-1.1920929,0.34499264,-0.11602198,-0.425,0,0
-0.29478723,-0.2068533,-1.1920929,0.34499264,-0.11602198,-0.425,0,0
-0.35273248,-0.19008389,-1.1920929,0.34499264,-0.11602198,-0.425,0,0
-0.3529579,-0.19352135,1.4901161,-0.625,-0.11602198,-0.425,0,0
-0.28052634,-0.2239013,1.4901161,-0.625,-0.11602198,-0.425,0,0
-0.20809478,-0.25428125,1.4901161,-0.625,-0.11602198,-0.425,0,0
-0.12531585,-0.2890012,1.4901161,-0.625,-0.11602198,-0.425,0,0
-0.05288428,-0.31938115,1.4901161,-0.625,-0.11602198,-0.425,0,0
0.019547284,-0.3497611,1.4901161,-0.625,-0.11602198,-0.425,0,0
0.09197885,-0.38014105,1.4901161,-0.625,-0.11602198,-0.425,0,0
0.16441041,-0.410521,1.4901161,-0.625,-0.11602198,-0.425,0,0
0.23684198,-0.44090095,1.4901161,-0.625,-0.11602198,-0.425,0,0
0.3196209,-0.4756209,1.4901161,-0.625,-0.11602198,-0.425,0,0
0.384,-0.46764004,-1.5,-0.625,-0.11602198,-0.425,0,0
0.311088,-0.47198004,-1.5,0.625,-0.11602198,-0.425,0,0
0.23817599,-0.44160008,-1.5,0.625,-0.11602198,-0.425,0,0
0.16526398,-0.41122013,-1.5,0.625,-0.11602198,-0.425,0,0
0.08193597,-0.3765002,-1.5,0.625,-0.11602198,-0.425,0,0
0.00902397,-0.34612024,-1.5,0.625,-0.11602198,-0.425,0,0
-0.06388803,-0.3157403,-1.5,0.625,-0.11602198,-0.425,0,0
-0.13680004,-0.28536034,-1.5,0.625,-0.11602198,-0.425,0,0
-0.22012804,-0.2506404,-1.5,0.625,-0.11602198,-0.425,0,0
-0.29304004,-0.22026044,-1.5,0.625,-0.11602198,-0.425,0,0
-0.36595204,-0.18988049,-1.5,0.625,-0.11602198,-0.425,0,0
-0.33192,-0.20290047,1.5,-0.625,-0.11602198,-0.425,0,0
-0.259008,-0.23328042,1.5,-0.625,-0.11602198,-0.425,0,0
-0.18609598,-0.26366037,1.5,-0.625,-0.11602198,-0.425,0,0
-0.102767974,-0.29838032,1.5,-0.625,-0.11602198,-0.425,0,0
-0.029855968,-0.32876027,1.5,-0.625,-0.11602198,-0.425,0,0
0.043056026,-0.35914022,1.5,-0.625,-0.11602198,-0.425,0,0
0.11596803,-0.38952017,1.5,-0.625,-0.11602198,-0.425,0,0
0.18888004,-0.41990012,1.5,-0.625,-0.11602198,-0.425,0,0
0.27220803,-0.45462006,1.5,-0.625,-0.11602198,-0.425,0,0
0.34512004,-0.485,1.5,0.625,-0.11602198,-0.425,0,0
0.352752,-0.48066002,-1.5,-0.625,-0.11602198,-0.425,0,0
0.27984,-0.45896006,-1.5,0.625,-0.11602198,-0.425,0,0
0.20692798,-0.4285801,-1.5,0.625,-0.11602198,-0.425,0,0
0.12359998,-0.39386016,-1.5,0.625,-0.11602198,-0.425,0,0
0.05068797,-0.3634802,-1.5,0.625,-0.11602198,-0.425,0,0
-0.022224028,-0.33310026,-1.5,0.625,-0.11602198,-0.425,0,0
-0.09513603,-0.3027203,-1.5,0.625,-0.11602198,-0.425,0,0
-0.16804804,-0.27234036,-1.5,0.625,-0.11602198,-0.425,0,0
-0.25137603,-0.23762041,-1.5,0.625,-0.11602198,-0.425,0,0
-0.32428804,-0.20724046,-1.5,0.625,-0.11602198,-0.425,0,0
-0.373584,-0.1855405,1.5,-0.625,-0.11602198,-0.425,0,0
-0.300672,-0.21592045,1.5,-0.625,-0.11602198,-0.425,0,0
-0.22775999,-0.2463004,1.5,-0.625,-0.11602198,-0.425,0,0
-0.14443198,-0.28102034,1.5,-0.625,-0.11602198,-0.425,0,0
-0.07151997,-0.3114003,1.5,-0.625,-0.11602198,-0.425,0,0
0.0013920292,-0.34178025,1.5,-0.625,-0.11602198,-0.425,0,0
0.07430403,-0.3721602,1.5,-0.625,-0.11602198,-0.425,0,0
0.14721604,-0.40254015,1.5,-0.625,-0.11602198,-0.425,0,0
0.23054405,-0.4372601,1.5,-0.625,-0.11602198,-0.425,0,0
0.30345604,-0.46764004,1.5,-0.625,-0.11602198,-0.425,0,0
0.37636805,-0.47198004,1.5,0.625,-0.11602198,-0.425,0,0
0.321504,-0.47632003,-1.5,0.625,-0.11602198,-0.425,0,0
0.24859199,-0.44594008,-1.5,0.625,-0.11602198,-0.425,0,0
0.16526398,-0.41122013,-1.5,0.625,-0.11602198,-0.425,0,0
0.09235197,-0.38084018,-1.5,0.625,-0.11602198,-0.425,0,0
0.01943997,-0.35046023,-1.5,0.625,-0.11602198,-0.425,0,0
-0.053472027,-0.32008028,-1.5,0.625,-0.11602198,-0.425,0,0
-0.13680004,-0.28536034,-1.5,0.625,-0.11602198,-0.425,0,0
-0.20971204,-0.2549804,-1.5,0.625,-0.11602198,-0.425,0,0
-0.28262404,-0.22460043,-1.5,0.625,-0.11602198,-0.425,0,0
-0.35553604,-0.19422048,-1.5,0.625,-0.11602198,-0.425,0,0
-0.342336,-0.19856048,1.5,-0.625,-0.11602198,-0.425,0,0
-0.269424,-0.22894043,1.5,-0.625,-0.11602198,-0.425,0,0
-0.18609598,-0.26366037,1.5,-0.625,-0.11602198,-0.425,0,0
-0.113183975,-0.29404032,1.5,-0.625,-0.11602198,-0.425,0,0
-0.040271968,-0.32442027,1.5,-0.625,-0.11602198,-0.425,0,0
0.032640025,-0.35480022,1.5,-0.625,-0.11602198,-0.425,0,0
0.10555203,-0.38518018,1.5,-0.625,-0.11602198,-0.425,0,0
0.18888004,-0.41990012,1.5,-0.625,-0.11602198,-0.425,0,0
0.26179203,-0.45028007,1.5,-0.625,-0.11602198,-0.425,0,0
0.33470404,-0.48066002,1.5,-0.625,-0.11602198,-0.425,0,0
0.363168,-0.47632003,-1.5,-0.625,-0.11602198,-0.425,0,0
0.290256,-0.46330005,-1.5,0.625,-0.11602198,-0.425,0,0
0.20692798,-0.4285801,-1.5,0.625,-0.11602198,-0.425,0,0
0.13401598,-0.39820015,-1.5,0.625,-0.11602198,-0.425,0,0
0.06110397,-0.3678202,-1.5,0.625,-0.11602198,-0.425,0,0
-0.011808028,-0.33744025,-1.5,0.625,-0.11602198,-0.425,0,0
-0.08472003,-0.3070603,-1.5,0.625,-0.11602198,-0.425,0,0
-0.16804804,-0.27234036,-1.5,0.625,-0.11602198,-0.425,0,0
-0.24096005,-0.2419604,-1.5,0.625,-0.11602198,-0.425,0,0
-0.31387204,-0.21158046,-1.5,0.625,-0.11602198,-0.425,0,0
-0.384,-0.1812005,1.5,-0.625,-0.11602198,-0.425,0,0
-0.300672,-0.21592045,1.5,-0.625,-0.11602198,-0.425,0,0
-0.22775999,-0.2463004,1.5,-0.625,-0.11602198,-0.425,0,0
-0.15484798,-0.27668035,1.5,-0.625,-0.11602198,-0.425,0,0
-0.08193597,-0.3070603,1.5,-0.625,-0.11602198,-0.425,0,0
-0.00902397,-0.33744025,1.5,-0.625,-0.11602198,-0.425,0,0
0.06388803,-0.3678202,1.5,-0.625,-0.11602198,-0.425,0,0
0.14721604,-0.40254015,1.5,-0.625,-0.11602198,-0.425,0,0
0.22012804,-0.4329201,1.5,-0.625,-0.11602198,-0.425,0,0
0.29304004,-0.46330005,1.5,-0.625,-0.11602198,-0.425,0,0
0.36595204,-0.47632003,1.5,0.625,-0.11602198,-0.425,0,0
0.33192,-0.48066002,-1.5,0.625,-0.11602198,-0.425,0,0
0.24859199,-0.44594008,-1.5,0.625,-0.11602198,-0.425,0,0
0.17567998,-0.41556013,-1.5,0.625,-0.11602198,-0.425,0,0
0.102767974,-0.38518018,-1.5,0.625,-0.11602198,-0.425,0,0
0.029855968,-0.35480022,-1.5,0.625,-0.11602198,-0.425,0,0
-0.043056026,-0.32442027,-1.5,0.625,-0.11602198,-0.425,0,0
-0.12638403,-0.28970033,-1.5,0.625,-0.11602198,-0.425,0,0
-0.19929604,-0.25932038,-1.5,0.625,-0.11602198,-0.425,0,0
-0.27220803,-0.22894043,-1.5,0.625,-0.11602198,-0.425,0,0
-0.34512004,-0.19856048,-1.5,0.625,-0.11602198,-0.425,0,0
-0.352752,-0.19422048,1.5,-0.625,-0.11602198,-0.425,0,0
-0.269424,-0.22894043,1.5,-0.625,-0.11602198,-0.425,0,0
-0.19651198,-0.25932038,1.5,-0.625,-0.11602198,-0.425,0,0
-0.12359998,-0.28970033,1.5,-0.625,-0.11602198,-0.425,0,0
-0.05068797,-0.32008028,1.5,-0.625,-0.11602198,-0.425,0,0
0.022224028,-0.35046023,1.5,-0.625,-0.11602198,-0.425,0,0
0.10555203,-0.38518018,1.5,-0.625,-0.11602198,-0.425,0,0
0.17846404,-0.41556013,1.5,-0.625,-0.11602198,-0.425,0,0
0.25137603,-0.44594008,1.5,-0.625,-0.11602198,-0.425,0,0
0.32428804,-0.47632003,1.5,-0.625,-0.11602198,-0.425,0,0
0.373584,-0.47198004,-1.5,-0.625,-0.11602198,-0.425,0,0
0.290256,-0.46330005,-1.5,0.625,-0.09171798,-0.425,1,0
0.21734399,-0.4329201,-1.5,0.625,-0.06741398,-0.425,1,0
0.14443198,-0.40254015,-1.5,0.625,-0.043109976,-0.425,1,0
0.07151997,-0.3721602,-1.5,0.625,-0.06741398,-0.425,-1,0
-0.0013920292,-0.34178025,-1.5,0.625,-0.09171798,-0.425,-1,0
-0.08472003,-0.3070603,-1.5,0.625,-0.11949398,-0.425,-1,0
-0.15763204,-0.27668035,-1.5,0.625,-0.14379798,-0.425,-1,0
-0.23054405,-0.2463004,-1.5,0.625,-0.16810198,-0.425,-1,0
-0.30345604,-0.21592045,-1.5,0.625,-0.19240598,-0.425,-1,0
-0.37636805,-0.1855405,-1.5,0.625,-0.21670999,-0.425,-1,0
-0.311088,-0.15082055,1.5,0.625,-0.24448599,-0.425,-1,0
-0.23817599,-0.12044059,1.5,0.625,-0.23754199,-0.425,1,0
-0.16526398,-0.090060584,1.5,0.625,-0.21323799,-0.425,1,0
-0.09235197,-0.05968058,1.5,0.625,-0.18893398,-0.425,1,0
-0.01943997,-0.029300578,1.5,0.625,-0.16462998,-0.425,1,0
0.06388803,0.005419424,1.5,0.625,-0.13685398,-0.425,1,0
0.13680004,0.035799425,1.5,0.625,-0.116021976,-0.425,0,0
0.20971204,0.066179425,1.5,0.625,-0.116021976,-0.425,0,0
0.28262404,0.09655943,1.5,0.625,-0.116021976,-0.425,0,0
0.36595204,0.13127942,1.5,0.625,-0.116021976,-0.425,0,0
0.43886405,0.16165937,1.5,0.625,-0.116021976,-0.425,0,0
0.0013888,1.9862475E-05,0.2,0.0028603796,-0.112549976,-0.425,1,0
0.011110401,0.0001588998,0.2,0.0028603796,-0.08824597,-0.425,1,0
0.020832,0.0002979371,0.2,0.0028603796,-0.06394197,-0.425,1,0
0.031942397,0.0004568368,0.2,0.0028603796,-0.036165968,-0.425,1,0
0.041663993,0.0005958742,0.2,0.0028603796,-0.011861965,-0.425,1,0
0.05138559,0.00073491165,0.2,0.0028603796,0.012442036,-0.425,1,0
0.061107185,0.0008739491,0.2,0.0028603796,0.029802037,-0.425,0,0
0.0708288,0.0010129864,0.2,0.0028603796,0.029802037,-0.425,0,0
0.080550425,0.0011520234,0.2,0.0028603796,0.029802037,-0.425,0,0
0.09166085,0.0013109229,0.2,0.0028603796,0.029802037,-0.425,0,0
0.10138247,0.0014499599,0.2,0.0028603796,0.029802037,-0.425,0,0
0.11110409,0.001588997,0.2,0.0028603796,0.029802037,-0.425,0,0
0.120825715,0.001728034,0.2,0.0028603796,0.029802037,-0.425,0,0
0.13193613,0.0018869335,0.2,0.0028603796,0.029802037,-0.425,0,0
0.14165775,0.002025971,0.2,0.0028603796,0.029802037,-0.425,0,0
0.15137938,0.0021650088,0.2,0.0028603796,0.029802037,-0.425,0,0
0.161101,0.0023040466,0.2,0.0028603796,0.029802037,-0.425,0,0
0.17082262,0.0024430845,0.2,0.0028603796,0.029802037,-0.425,0,0
0.18054424,0.0025821223,0.2,0.0028603796,0.029802037,-0.418056,0,1
0.19165467,0.0027410227,0.2,0.0028603796,0.029802037,-0.39028,0,1
0.20137629,0.0028800606,0.2,0.0028603796,0.029802037,-0.365976,0,1
0.21109791,0.0030190984,0.2,0.0028603796,0.029802037,-0.341672,0,1
0.22081953,0.0031581363,0.2,0.0028603796,0.029802037,-0.317368,0,1
0.23192996,0.0033170367,0.2,0.0028603796,0.029802037,-0.289592,0,1
0.24026278,0.003436212,0.2,0.0028603796,0.029802037,-0.26876,0,1
0.2513732,0.0035951124,0.2,0.0028603796,0.029802037,-0.240984,0,1
0.26109472,0.0037341502,0.2,0.0028603796,0.029802037,-0.21667999,0,1
0.27081624,0.003873188,0.2,0.0028603796,0.029802037,-0.19237599,0,1
0.28053775,0.0040122247,0.2,0.0028603796,0.029802037,-0.16807199,0,1
0.29164806,0.0041711233,0.2,0.0028603796,0.029802037,-0.14029598,0,1
0.30136958,0.0043101595,0.2,0.0028603796,0.029802037,-0.11599198,0,1
0.3110911,0.0044491957,0.2,0.0028603796,0.029802037,-0.09168798,0,1
0.3208126,0.004588232,0.2,0.0028603796,0.029802037,-0.067383975,0,1
0.33053413,0.004727268,0.2,0.0028603796,0.029802037,-0.043079972,0,1
0.34164444,0.0048861667,0.2,0.0028603796,0.029802037,-0.015303969,0,1
0.35136595,0.005025203,0.2,0.0028603796,0.029802037,0.009000031,0,1
0.36108747,0.005164239,0.2,0.0028603796,0.029802037,0.033304032,0,1
0.370809,0.0053032753,0.2,0.0028603796,0.029802037,0.057608034,0,1
0.3805305,0.0054423115,0.2,0.0028603796,0.029802037,0.08191203,0,1
0.3916408,0.00560121,0.2,0.0028603796,0.029802037,0.109688036,0,1
0.40136233,0.0057402463,0.2,0.0028603796,0.029802037,0.13399203,0,1
0.41108385,0.0058792825,0.2,0.0028603796,0.029802037,0.15829603,0,1
0.42080536,0.0060183187,0.2,0.0028603796,0.029802037,0.18260004,0,1
0.43052688,0.006157355,0.2,0.0028603796,0.029802037,0.20690404,0,1
0.4416372,0.0063162534,0.2,0.0028603796,0.029802037,0.21037604,0,0
0.4513587,0.0064552897,0.2,0.0028603796,0.029802037,0.21037604,0,0
0.46108022,0.006594326,0.2,0.0028603796,0.029802037,0.21037604,0,0
0.47080174,0.006733362,0.2,0.0028603796,0.029802037,0.21037604,0,0
0.48052326,0.0068723983,0.2,0.0028603796,0.029802037,0.21037604,0,0
0.49163356,0.007031297,0.2,0.0028603796,0.029802037,0.21037604,0,0
-0.006944,-0.00026331333,-0.2,-0.007583909,0.029802037,0.21037604,0,0
-0.016665602,-0.00063195196,-0.2,-0.007583909,0.029802037,0.21037604,0,0
-0.026387198,-0.0010005907,-0.2,-0.007583909,0.029802037,0.21037604,0,0
-0.036108796,-0.0013692295,-0.2,-0.007583909,0.029802037,0.21037604,0,0
-0.04721919,-0.001790531,-0.2,-0.007583909,0.029802037,0.21037604,0,0
-0.056940787,-0.0021591694,-0.2,-0.007583909,0.029802037,0.21037604,0,0
-0.06666239,-0.0025278074,-0.2,-0.007583909,0.029802037,0.21037604,0,0
-0.076384015,-0.0028964453,-0.2,-0.007583909,0.029802037,0.21037604,0,0
-0.08749444,-0.0033177459,-0.2,-0.007583909,0.029802037,0.21037604,0,0
-0.09721606,-0.0036863838,-0.2,-0.007583909,0.019386036,0.21037604,-1,0
-0.106937684,-0.004055022,-0.2,-0.007583909,-0.0049179643,0.21037604,-1,0
-0.116659306,-0.0044236598,-0.2,-0.007583909,-0.025749967,0.21037604,0,0
-0.12638092,-0.0047922977,-0.2,-0.007583909,-0.025749967,0.21037604,0,0
-0.13749135,-0.0052135983,-0.2,-0.007583909,-0.025749967,0.21037604,0,0
-0.14582416,-0.0055295737,-0.2,-0.007583909,-0.025749967,0.21037604,0,0
-0.15693459,-0.005950874,-0.2,-0.007583909,-0.025749967,0.21037604,0,0
-0.16665621,-0.006319512,-0.2,-0.007583909,-0.025749967,0.21037604,0,0
-0.17637783,-0.00668815,-0.2,-0.007583909,-0.025749967,0.21037604,0,0
-0.18748826,-0.0071094506,-0.2,-0.007583909,-0.011861965,0.21037604,1,0
-0.19720988,-0.0074780886,-0.2,-0.007583909,0.012442036,0.21037604,1,0
-0.2069315,-0.007846727,-0.2,-0.007583909,0.029802037,0.21037604,0,0
-0.21665312,-0.008215365,-0.2,-0.007583909,0.029802037,0.21037604,0,0
-0.22637475,-0.008584003,-0.2,-0.007583909,0.029802037,0.21037604,0,0
-0.23748517,-0.0090053035,-0.2,-0.007583909,0.029802037,0.21037604,0,0
-0.24720679,-0.009373941,-0.2,-0.007583909,0.029802037,0.21037604,0,0
-0.25692835,-0.009742579,-0.2,-0.007583909,0.029802037,0.21037604,0,0
-0.26664987,-0.010111217,-0.2,-0.007583909,0.029802037,0.21037604,0,0
-0.2763714,-0.010479855,-0.2,-0.007583909,0.029802037,0.21037604,0,0
-0.2860929,-0.010848493,-0.2,-0.007583909,0.029802037,0.21037604,0,0
-0.2972032,-0.011269794,-0.2,-0.007583909,0.029802037,0.21037604,0,0
-0.30692473,-0.011638432,-0.2,-0.007583909,0.029802037,0.21037604,0,0
-0.31664625,-0.01200707,-0.2,-0.007583909,0.029802037,0.21037604,0,0
-0.32636777,-0.012375708,-0.2,-0.007583909,0.029802037,0.21037604,0,0
-0.33747807,-0.012797008,-0.2,-0.007583909,0.029802037,0.21037604,0,0
-0.3471996,-0.013165646,-0.2,-0.007583909,0.029802037,0.21037604,0,0
-0.3569211,-0.013534284,-0.2,-0.007583909,0.029802037,0.21037604,0,0
-0.36664262,-0.013902922,-0.2,-0.007583909,0.029802037,0.21037604,0,0
-0.37636414,-0.01427156,-0.2,-0.007583909,0.029802037,0.21037604,0,0
-0.38226402,-0.015615006,0.25,-0.14796524,0.029802037,0.21037604,0,0
-0.36837614,-0.02383477,0.25,-0.14796524,0.029802037,0.21037604,0,0
-0.35622424,-0.031027064,0.25,-0.14796524,0.029802037,0.21037604,0,0
-0.34407234,-0.03821937,0.25,-0.14796524,0.029802037,0.21037604,0,0
-0.33192044,-0.045411676,0.25,-0.14796524,0.029802037,0.21037604,0,0
-0.31803256,-0.053631455,0.25,-0.14796524,0.029802037,0.23468004,0,1
-0.30588067,-0.06082376,0.25,-0.14796524,0.029802037,0.25898403,0,1
-0.29372877,-0.06801607,0.25,-0.14796524,0.029802037,0.28328803,0,1
-0.28157687,-0.07520837,0.25,-0.14796524,0.029802037,0.30759203,0,1
-0.26942497,-0.08240068,0.25,-0.14796524,0.029802037,0.33189604,0,1
-0.25727308,-0.089592986,0.25,-0.14796524,0.029802037,0.35620004,0,1
-0.24338514,-0.097812764,0.25,-0.14796524,0.026330037,0.37356004,-1,0
-0.23123313,-0.10500507,0.25,-0.14796524,0.0020260355,0.37356004,-1,0
-0.21908113,-0.11219738,0.25,-0.14796524,-0.022277966,0.37356004,-1,0
-0.20692913,-0.11938968,0.25,-0.14796524,-0.04658197,0.37356004,-1,0
-0.19477713,-0.12658198,0.25,-0.14796524,-0.07088597,0.37356004,-1,0
-0.18088913,-0.1348017,0.25,-0.14796524,-0.098661974,0.37356004,-1,0
-0.16873713,-0.14199395,0.25,-0.14796524,-0.102133974,0.37356004,0,0
-0.15658513,-0.14918621,0.25,-0.14796524,-0.102133974,0.37356004,0,0
-0.14443313,-0.15637846,0.25,-0.14796524,-0.102133974,0.37356004,0,0
-0.13228112,-0.16357072,0.25,-0.14796524,-0.102133974,0.37356004,0,0
-0.11839312,-0.17179044,0.25,-0.14796524,-0.102133974,0.37356004,0,0
-0.10624112,-0.17898269,0.25,-0.14796524,-0.102133974,0.37356004,0,0
-0.09408912,-0.18617494,0.25,-0.14796524,-0.102133974,0.37356004,0,0
-0.08193712,-0.1933672,0.25,-0.14796524,-0.102133974,0.37356004,0,0
-0.06978512,-0.20055945,0.25,-0.14796524,-0.102133974,0.37356004,0,0
-0.055897117,-0.20877917,0.25,-0.14796524,-0.102133974,0.37356004,0,0
-0.043745115,-0.21597143,0.25,-0.14796524,-0.102133974,0.37356004,0,0
-0.031593114,-0.22316368,0.25,-0.14796524,-0.102133974,0.37356004,0,0
-0.019441113,-0.23035593,0.25,-0.14796524,-0.102133974,0.37356004,0,0
-0.0072891116,-0.23754819,0.25,-0.14796524,-0.102133974,0.37356004,0,0
0.006598888,-0.2457679,0.25,-0.14796524,-0.102133974,0.37356004,0,0
0.01875089,-0.25296018,0.25,-0.14796524,-0.102133974,0.37356004,0,0
0.03090289,-0.26015243,0.25,-0.14796524,-0.102133974,0.37356004,0,0
0.04305489,-0.26734468,0.25,-0.14796524,-0.102133974,0.37356004,0,0
0.05520689,-0.27453694,0.25,-0.14796524,-0.102133974,0.37356004,0,0
0.06909489,-0.28275666,0.25,-0.14796524,-0.102133974,0.37356004,0,0
0.08124689,-0.2899489,0.25,-0.14796524,-0.102133974,0.37356004,0,0
0.09339889,-0.29714116,0.25,-0.14796524,-0.102133974,0.37356004,0,0
0.10555089,-0.30433342,0.25,-0.14796524,-0.102133974,0.37356004,0,0
0.119438894,-0.31255314,0.25,-0.14796524,-0.102133974,0.37356004,0,0
0.13159089,-0.3197454,0.25,-0.14796524,-0.102133974,0.37356004,0,0
0.14374289,-0.32693765,0.25,-0.14796524,-0.102133974,0.37356004,0,0
0.15589489,-0.3341299,0.25,-0.14796524,-0.102133974,0.37356004,0,0
0.16804689,-0.34132215,0.25,-0.14796524,-0.102133974,0.37356004,0,0
0.1801989,-0.3485144,0.25,-0.14796524,-0.102133974,0.37356004,0,0
0.1940869,-0.35673413,0.25,-0.14796524,-0.102133974,0.37356004,0,0
0.2062389,-0.36392638,0.25,-0.14796524,-0.102133974,0.37356004,0,0
0.2183909,-0.37111863,0.25,-0.14796524,-0.102133974,0.37356004,0,0
0.2305429,-0.3783109,0.25,-0.14796524,-0.102133974,0.37356004,0,0
0.2426949,-0.38550314,0.25,-0.14796524,-0.102133974,0.37356004,0,0
0.25658286,-0.39372286,0.25,-0.14796524,-0.102133974,0.37356004,0,0
0.26873475,-0.40091512,0.25,-0.14796524,-0.102133974,0.37356004,0,0
0.28088665,-0.40810737,0.25,-0.14796524,-0.102133974,0.37356004,0,0
0.29303855,-0.41529962,0.25,-0.14796524,-0.102133974,0.37356004,0,0
0.30519044,-0.42249188,0.25,-0.14796524,-0.102133974,0.37356004,0,0
0.31734234,-0.42968413,0.25,-0.14796524,-0.102133974,0.37356004,0,0
0.33123022,-0.43790385,0.25,-0.14796524,-0.102133974,0.37356004,0,0
0.34338212,-0.4450961,0.25,-0.14796524,-0.102133974,0.37356004,0,0
0.35553402,-0.45228836,0.25,-0.14796524,-0.102133974,0.37356004,0,0
0.3676859,-0.4594806,0.25,-0.14796524,-0.102133974,0.37356004,0,0
0.3798378,-0.46667287,0.25,-0.14796524,-0.102133974,0.37356004,0,0
0.3937257,-0.4748926,0.25,-0.14796524,-0.102133974,0.37356004,0,0
0.4058776,-0.48208484,0.25,-0.14796524,-0.102133974,0.37356004,0,0
0.4180295,-0.48089015,0.25,0.14796524,-0.102133974,0.37356004,0,0
0.43018138,-0.4736979,0.25,0.14796524,-0.102133974,0.37356004,0,0
0.44406927,-0.46547818,0.25,0.14796524,-0.102133974,0.37356004,0,0
0.45622116,-0.45828593,0.25,0.14796524,-0.102133974,0.37356004,0,0
0.46837306,-0.45109367,0.25,0.14796524,-0.102133974,0.37356004,0,0
0.48052496,-0.44390142,0.25,0.14796524,-0.102133974,0.37356004,0,0
0.49267685,-0.43670917,0.25,0.14796524,-0.102133974,0.37356004,0,0
0.0097216,0.0004454691,0.2,0.009164523,-0.102133974,0.37356004,0,0
0.0194432,0.00089093816,0.2,0.009164523,-0.102133974,0.37356004,0,0
0.029164797,0.0013364073,0.2,0.009164523,-0.102133974,0.37356004,0,0
0.038886394,0.0017818763,0.2,0.009164523,-0.102133974,0.37356004,0,0
0.04860799,0.0022273455,0.2,0.009164523,-0.102133974,0.37356004,0,0
0.059718385,0.002736453,0.2,0.009164523,-0.102133974,0.37356004,0,0
0.06944,0.003181922,0.2,0.009164523,-0.102133974,0.37356004,0,0
0.07916162,0.003627391,0.2,0.009164523,-0.07782997,0.37356004,1,0
0.08888324,0.004072861,0.2,0.009164523,-0.05352597,0.37356004,1,0
0.098604865,0.0045183315,0.2,0.009164523,-0.029221967,0.37356004,1,0
0.10971529,0.005027441,0.2,0.009164523,-0.008389965,0.37356004,0,0
0.11943691,0.0054729115,0.2,0.009164523,-0.008389965,0.37356004,0,0
0.12915853,0.005918382,0.2,0.009164523,-0.008389965,0.37356004,0,0
0.13888015,0.006363853,0.2,0.009164523,-0.008389965,0.37356004,0,0
0.14860177,0.0068093236,0.2,0.009164523,-0.008389965,0.37356004,0,0
0.1597122,0.007318433,0.2,0.009164523,-0.008389965,0.37356004,0,0
0.16943382,0.0077639036,0.2,0.009164523,-0.008389965,0.37356004,0,0
0.17915544,0.008209371,0.2,0.009164523,-0.008389965,0.37356004,0,0
0.18887706,0.008654838,0.2,0.009164523,-0.008389965,0.37356004,0,0
0.19998749,0.009163944,0.2,0.009164523,-0.008389965,0.37356004,0,0
0.20970911,0.0096094115,0.2,0.009164523,-0.008389965,0.37356004,0,0
0.21943073,0.010054879,0.2,0.009164523,-0.008389965,0.37356004,0,0
0.22915235,0.010500346,0.2,0.009164523,-0.008389965,0.37356004,0,0
0.23887397,0.010945814,0.2,0.009164523,-0.008389965,0.37356004,0,0
0.2485956,0.011391281,0.2,0.009164523,-0.008389965,0.37356004,0,0
0.25970593,0.011900387,0.2,0.009164523,-0.008389965,0.37356004,0,0
0.26942745,0.012345854,0.2,0.009164523,-0.008389965,0.37356004,0,0
0.27914897,0.012791322,0.2,0.009164523,-0.008389965,0.37356004,0,0
0.28887048,0.013236789,0.2,0.009164523,-0.008389965,0.37356004,0,0
0.298592,0.013682256,0.2,0.009164523,-0.008389965,0.37356004,0,0
0.3097023,0.014191362,0.2,0.009164523,-0.008389965,0.37356004,0,0
0.31942382,0.0146368295,0.2,0.009164523,-0.008389965,0.37356004,0,0
0.32914534,0.015082297,0.2,0.009164523,-0.008389965,0.37356004,0,0
0.33886686,0.015527764,0.2,0.009164523,-0.008389965,0.37356004,0,0
0.34858838,0.015973236,0.2,0.009164523,-0.008389965,0.37356004,0,0
0.35969868,0.01648235,0.2,0.009164523,-0.008389965,0.37356004,0,0
0.3694202,0.016927823,0.2,0.009164523,-0.008389965,0.37356004,0,0
0.37914172,0.017373297,0.2,0.009164523,-0.008389965,0.37356004,0,0
0.38886324,0.017818771,0.2,0.009164523,-0.008389965,0.37356004,0,0
0.39858475,0.018264245,0.2,0.009164523,-0.008389965,0.37356004,0,0
0.40969506,0.018773358,0.2,0.009164523,-0.008389965,0.37356004,0,0
0.41941658,0.019218832,0.2,0.009164523,-0.008389965,0.37356004,0,0
0.4291381,0.019664306,0.2,0.009164523,-0.008389965,0.37356004,0,0
0.4388596,0.02010978,0.2,0.009164523,-0.008389965,0.37356004,0,0
0.44858113,0.020555254,0.2,0.009164523,-0.008389965,0.37356004,0,0
0.45969144,0.021064367,0.2,0.009164523,-0.008389965,0.37356004,0,0
0.46941295,0.021509841,0.2,0.009164523,-0.008389965,0.37356004,0,0
0.47913447,0.021955315,0.2,0.009164523,-0.008389965,0.37356004,0,0
0.488856,0.022400789,0.2,0.009164523,-0.008389965,0.37356004,0,0
-0.0041664,-0.00054979394,-0.2,-0.026391797,-0.008389965,0.37356004,0,0
-0.015276802,-0.0020159108,-0.2,-0.026391797,-0.008389965,0.37356004,0,0
-0.024998398,-0.003298764,-0.2,-0.026391797,-0.008389965,0.37356004,0,0
-0.034719996,-0.0045816167,-0.2,-0.026391797,-0.008389965,0.37356004,0,0
-0.044441592,-0.00586447,-0.2,-0.026391797,-0.008389965,0.37356004,0,0
-0.054163188,-0.007147323,-0.2,-0.026391797,-0.008389965,0.37356004,0,0
-0.06527359,-0.00861344,-0.2,-0.026391797,-0.008389965,0.37356004,0,0
-0.07499521,-0.009896293,-0.2,-0.026391797,-0.008389965,0.37356004,0,0
-0.084716834,-0.011179146,-0.2,-0.026391797,-0.008389965,0.37356004,0,0
-0.094438456,-0.012461999,-0.2,-0.026391797,-0.008389965,0.37356004,0,0
-0.10416008,-0.0137448525,-0.2,-0.026391797,-0.011861965,0.37356004,-1,0
-0.1152705,-0.01521097,-0.2,-0.026391797,-0.039637968,0.37356004,-1,0
-0.124992125,-0.01649382,-0.2,-0.026391797,-0.06394197,0.37356004,-1,0
-0.13471374,-0.017776666,-0.2,-0.026391797,-0.08477397,0.37356004,0,0
-0.14443536,-0.019059513,-0.2,-0.026391797,-0.08477397,0.37356004,0,0
-0.15554579,-0.020525623,-0.2,-0.026391797,-0.07435797,0.37356004,1,0
-0.16526741,-0.02180847,-0.2,-0.026391797,-0.05005397,0.37356004,1,0
-0.17498903,-0.023091316,-0.2,-0.026391797,-0.025749967,0.37356004,1,0
-0.18471065,-0.024374163,-0.2,-0.026391797,-0.008389965,0.37356004,0,0
-0.19443227,-0.02565701,-0.2,-0.026391797,-0.008389965,0.37356004,0,0
-0.2041539,-0.026939856,-0.2,-0.026391797,-0.008389965,0.37356004,0,0
-0.21526432,-0.028405966,-0.2,-0.026391797,-0.008389965,0.37356004,0,0
-0.22498594,-0.029688813,-0.2,-0.026391797,-0.008389965,0.37356004,0,0
-0.23470756,-0.03097166,-0.2,-0.026391797,-0.008389965,0.37356004,0,0
-0.24442919,-0.032254517,-0.2,-0.026391797,-0.008389965,0.37356004,0,0
-0.25553957,-0.033720642,-0.2,-0.026391797,-0.008389965,0.37356004,0,0
-0.26526108,-0.035003502,-0.2,-0.026391797,-0.008389965,0.37356004,0,0
-0.2749826,-0.03628636,-0.2,-0.026391797,-0.008389965,0.37356004,0,0
-0.28470412,-0.03756922,-0.2,-0.026391797,-0.008389965,0.37356004,0,0
-0.29442564,-0.03885208,-0.2,-0.026391797,-0.008389965,0.37356004,0,0
-0.30414715,-0.04013494,-0.2,-0.026391797,-0.008389965,0.37356004,0,0
-0.31525746,-0.041601066,-0.2,-0.026391797,-0.008389965,0.37356004,0,0
-0.32497898,-0.042883925,-0.2,-0.026391797,-0.008389965,0.37356004,0,0
-0.3347005,-0.044166785,-0.2,-0.026391797,-0.008389965,0.37356004,0,0
-0.344422,-0.045449644,-0.2,-0.026391797,-0.008389965,0.37356004,0,0
-0.35414353,-0.046732504,-0.2,-0.026391797,-0.008389965,0.37356004,0,0
-0.36525384,-0.04819863,-0.2,-0.026391797,-0.008389965,0.37356004,0,0
-0.37497535,-0.04948149,-0.2,-0.026391797,-0.008389965,0.37356004,0,0
-0.384,-0.05076435,0.25,-0.14124794,-0.008389965,0.37356004,0,0
-0.3718481,-0.057630118,0.25,-0.14124794,-0.008389965,0.37356004,0,0
-0.3596962,-0.06449589,0.25,-0.14124794,-0.008389965,0.37356004,0,0
-0.34580833,-0.072342485,0.25,-0.14124794,-0.008389965,0.37356004,0,0
-0.33365643,-0.079208255,0.25,-0.14124794,-0.008389965,0.37356004,0,0
-0.32150453,-0.086074024,0.25,-0.14124794,-0.008389965,0.37356004,0,0
-0.30935264,-0.092939794,0.25,-0.14124794,-0.008389965,0.37356004,0,0
-0.29720074,-0.09980556,0.25,-0.14124794,-0.008389965,0.37356004,0,0
-0.28331286,-0.10765216,0.25,-0.14124794,-0.008389965,0.37356004,0,0
-0.27116096,-0.11451793,0.25,-0.14124794,-0.008389965,0.37356004,0,0
-0.25900906,-0.1213837,0.25,-0.14124794,-0.008389965,0.37356004,0,0
-0.24685714,-0.12824947,0.25,-0.14124794,-0.008389965,0.37356004,0,0
-0.23296914,-0.13609606,0.25,-0.14124794,-0.008389965,0.37356004,0,0
-0.22081713,-0.14296183,0.25,-0.14124794,-0.008389965,0.37356004,0,0
-0.20866513,-0.1498276,0.25,-0.14124794,-0.008389965,0.37356004,0,0
-0.19651313,-0.15669337,0.25,-0.14124794,-0.008389965,0.37356004,0,0
-0.18436113,-0.16355914,0.25,-0.14124794,-0.008389965,0.37356004,0,0
-0.17047313,-0.17140573,0.25,-0.14124794,-0.008389965,0.37356004,0,0
-0.15832113,-0.1782715,0.25,-0.14124794,-0.008389965,0.37356004,0,0
-0.14616913,-0.18513727,0.25,-0.14124794,-0.008389965,0.37356004,0,0
-0.13401712,-0.19200304,0.25,-0.14124794,-0.008389965,0.37356004,0,0
-0.12186512,-0.19886881,0.25,-0.14124794,-0.008389965,0.37356004,0,0
-0.10971312,-0.20573458,0.25,-0.14124794,-0.008389965,0.37356004,0,0
-0.09582512,-0.21358117,0.25,-0.14124794,-0.008389965,0.37356004,0,0
-0.08367312,-0.22044694,0.25,-0.14124794,-0.008389965,0.37356004,0,0
-0.07152112,-0.22731271,0.25,-0.14124794,-0.008389965,0.37356004,0,0
-0.059369117,-0.23417848,0.25,-0.14124794,-0.008389965,0.37356004,0,0
-0.047217116,-0.24104425,0.25,-0.14124794,-0.008389965,0.37356004,0,0
-0.033329114,-0.24889085,0.25,-0.14124794,-0.008389965,0.37356004,0,0
-0.021177113,-0.25575662,0.25,-0.14124794,-0.008389965,0.37356004,0,0
-0.009025112,-0.2626224,0.25,-0.14124794,-0.008389965,0.37356004,0,0
0.0031268883,-0.26948816,0.25,-0.14124794,-0.008389965,0.37356004,0,0
0.017014889,-0.27733475,0.25,-0.14124794,-0.008389965,0.37356004,0,0
0.02916689,-0.28420052,0.25,-0.14124794,-0.008389965,0.37356004,0,0
0.04131889,-0.2910663,0.25,-0.14124794,-0.008389965,0.37356004,0,0
0.05347089,-0.29793206,0.25,-0.14124794,-0.008389965,0.37356004,0,0
0.06562289,-0.30479783,0.25,-0.14124794,-0.008389965,0.37356004,0,0
0.07777489,-0.3116636,0.25,-0.14124794,-0.008389965,0.37356004,0,0
0.09166289,-0.3195102,0.25,-0.14124794,-0.008389965,0.37356004,0,0
0.10381489,-0.32637596,0.25,-0.14124794,-0.008389965,0.37356004,0,0
0.115966894,-0.33324173,0.25,-0.14124794,-0.008389965,0.37356004,0,0
0.12811889,-0.3401075,0.25,-0.14124794,-0.008389965,0.37356004,0,0
0.14027089,-0.34697327,0.25,-0.14124794,-0.008389965,0.37356004,0,0
0.15415889,-0.35481986,0.25,-0.14124794,-0.008389965,0.37356004,0,0
0.16631089,-0.36168563,0.25,-0.14124794,-0.008389965,0.37356004,0,0
0.1784629,-0.3685514,0.25,-0.14124794,-0.008389965,0.37356004,0,0
0.1906149,-0.37541717,0.25,-0.14124794,-0.008389965,0.37356004,0,0
0.2027669,-0.38228294,0.25,-0.14124794,-0.008389965,0.37356004,0,0
0.2166549,-0.39012954,0.25,-0.14124794,-0.008389965,0.37356004,0,0
0.2288069,-0.3969953,0.25,-0.14124794,-0.008389965,0.37356004,0,0
0.2409589,-0.40386108,0.25,-0.14124794,-0.008389965,0.37356004,0,0
0.2531109,-0.41072685,0.25,-0.14124794,-0.008389965,0.37356004,0,0
0.26526278,-0.4175926,0.25,-0.14124794,-0.008389965,0.37356004,0,0
0.27915066,-0.4254392,0.25,-0.14124794,-0.008389965,0.37356004,0,0
0.29130256,-0.43230498,0.25,-0.14124794,-0.008389965,0.37356004,0,0
0.30345446,-0.43917075,0.25,-0.14124794,-0.008389965,0.37356004,0,0
0.31560636,-0.44603652,0.25,-0.14124794,-0.008389965,0.37356004,0,0
0.32775825,-0.4529023,0.25,-0.14124794,-0.008389965,0.37356004,0,0
0.34164613,-0.46074888,0.25,-0.14124794,-0.008389965,0.37356004,0,0
0.35379803,-0.46761465,0.25,-0.14124794,-0.008389965,0.37356004,0,0
0.36594993,-0.47448042,0.25,-0.14124794,-0.008389965,0.37356004,0,0
0.37810183,-0.4813462,0.25,-0.14124794,-0.008389965,0.37356004,0,0
0.39025372,-0.48205754,0.25,0.14124794,-0.008389965,0.37356004,0,0
0.4041416,-0.47421095,0.25,0.14124794,-0.008389965,0.37356004,0,0
0.4162935,-0.46734518,0.25,0.14124794,-0.008389965,0.37356004,0,0
0.4284454,-0.4604794,0.25,0.14124794,-0.008389965,0.37356004,0,0
0.4405973,-0.45361364,0.25,0.14124794,-0.008389965,0.37356004,0,0
0.4527492,-0.44674787,0.25,0.14124794,-0.008389965,0.37356004,0,0
0.46663707,-0.43890128,0.25,0.14124794,-0.008389965,0.37356004,0,0
0.47878897,-0.4320355,0.25,0.14124794,-0.008389965,0.37356004,0,0
0.49094087,-0.42516974,0.25,0.14124794,-0.008389965,0.37356004,0,0
0.006944,0.0001323442,0.2,0.0038117568,-0.008389965,0.37356004,0,0
0.016665602,0.00031762605,0.2,0.0038117568,-0.008389965,0.37356004,0,0
0.027775997,0.0005293767,0.2,0.0038117568,-0.008389965,0.37356004,0,0
0.037497595,0.00071465847,0.2,0.0038117568,-0.008389965,0.37356004,0,0
0.04721919,0.00089994026,0.2,0.0038117568,-0.008389965,0.37356004,0,0
0.056940787,0.0010852223,0.2,0.0038117568,-0.008389965,0.37356004,0,0
0.06666239,0.0012705046,0.2,0.0038117568,-0.008389965,0.37356004,0,0
0.07777282,0.0014822556,0.2,0.0038117568,-0.008389965,0.37356004,0,0
0.08749444,0.0016675378,0.2,0.0038117568,-0.008389965,0.37356004,0,0
0.09721606,0.00185282,0.2,0.0038117568,-0.008389965,0.37356004,0,0
0.106937684,0.0020381021,0.2,0.0038117568,-0.008389965,0.37356004,0,0
0.116659306,0.0022233843,0.2,0.0038117568,0.012442036,0.37356004,1,0
0.12776972,0.0024351354,0.2,0.0038117568,0.040218037,0.37356004,1,0
0.13749135,0.0026204176,0.2,0.0038117568,0.047162037,0.37356004,0,0
0.14721297,0.0028056998,0.2,0.0038117568,0.047162037,0.37356004,0,0
0.15693459,0.002990982,0.2,0.0038117568,0.047162037,0.37356004,0,0
0.16665621,0.0031762642,0.2,0.0038117568,0.047162037,0.37356004,0,0
0.17776664,0.0033880153,0.2,0.0038117568,0.047162037,0.37356004,0,0
0.18748826,0.0035732975,0.2,0.0038117568,0.047162037,0.37356004,0,0
0.19720988,0.0037585797,0.2,0.0038117568,0.047162037,0.37356004,0,0
0.2069315,0.0039438615,0.2,0.0038117568,0.047162037,0.37356004,0,0
0.21665312,0.004129142,0.2,0.0038117568,0.047162037,0.37356004,0,0
0.22776355,0.0043408913,0.2,0.0038117568,0.047162037,0.37356004,0,0
0.23748517,0.004526172,0.2,0.0038117568,0.047162037,0.37356004,0,0
0.24720679,0.0047114524,0.2,0.0038117568,0.047162037,0.37356004,0,0
0.25692835,0.004896733,0.2,0.0038117568,0.047162037,0.37356004,0,0
0.26803866,0.005108482,0.2,0.0038117568,0.047162037,0.37356004,0,0
0.27776018,0.005293763,0.2,0.0038117568,0.047162037,0.37356004,0,0
0.2874817,0.0054790433,0.2,0.0038117568,0.047162037,0.37356004,0,0
0.2972032,0.005664324,0.2,0.0038117568,0.047162037,0.37356004,0,0
0.30692473,0.0058496045,0.2,0.0038117568,0.047162037,0.37356004,0,0
0.31664625,0.006034885,0.2,0.0038117568,0.047162037,0.37356004,0,0
0.32775655,0.0062466343,0.2,0.0038117568,0.047162037,0.37356004,0,0
0.33747807,0.006431915,0.2,0.0038117568,0.047162037,0.37356004,0,0
0.3471996,0.0066171954,0.2,0.0038117568,0.047162037,0.37356004,0,0
0.3569211,0.006802476,0.2,0.0038117568,0.047162037,0.37356004,0,0
0.3680314,0.0070142252,0.2,0.0038117568,0.047162037,0.37356004,0,0
0.37775293,0.007199506,0.2,0.0038117568,0.047162037,0.37356004,0,0
0.38747445,0.0073847864,0.2,0.0038117568,0.047162037,0.37356004,0,0
0.39719597,0.007570067,0.2,0.0038117568,0.047162037,0.37356004,0,0
0.40691748,0.0077553475,0.2,0.0038117568,0.047162037,0.37356004,0,0
0.4180278,0.0079671,0.2,0.0038117568,0.047162037,0.37356004,0,0
0.4277493,0.008152383,0.2,0.0038117568,0.047162037,0.37356004,0,0
0.43747082,0.008337667,0.2,0.0038117568,0.047162037,0.37356004,0,0
0.44719234,0.008522951,0.2,0.0038117568,0.047162037,0.37356004,0,0
0.45691386,0.008708235,0.2,0.0038117568,0.047162037,0.37356004,0,0
0.46663538,0.008893519,0.2,0.0038117568,0.047162037,0.37356004,0,0
0.47774568,0.009105272,0.2,0.0038117568,0.047162037,0.37356004,0,0
0.4874672,0.0092905555,0.2,0.0038117568,0.047162037,0.37356004,0,0
0.0027776,-0.0001650086,0.2,-0.01188138,0.047162037,0.37356004,0,0
0.012499201,-0.0007425387,0.2,-0.01188138,0.047162037,0.37356004,0,0
0.0236096,-0.0014025734,0.2,-0.01188138,0.047162037,0.37356004,0,0
0.033331197,-0.0019801038,0.2,-0.01188138,0.047162037,0.37356004,0,0
0.043052793,-0.0025576334,0.2,-0.01188138,0.047162037,0.37356004,0,0
0.05277439,-0.003135163,0.2,-0.01188138,0.047162037,0.37356004,0,0
0.062495984,-0.0037126928,0.2,-0.01188138,0.047162037,0.37356004,0,0
0.072217606,-0.0042902236,0.2,-0.01188138,0.047162037,0.37356004,0,0
0.08332803,-0.0049502593,0.2,-0.01188138,0.047162037,0.37356004,0,0
0.09304965,-0.0055277906,0.2,-0.01188138,0.047162037,0.37356004,0,0
0.102771275,-0.006105322,0.2,-0.01188138,0.047162037,0.37356004,0,0
0.1124929,-0.006682853,0.2,-0.01188138,0.047162037,0.37356004,0,0
0.12360332,-0.007342889,0.2,-0.01188138,0.047162037,0.37356004,0,0
0.13332494,-0.00792042,0.2,-0.01188138,0.047162037,0.37356004,0,0
0.14304656,-0.008497948,0.2,-0.01188138,0.047162037,0.37356004,0,0
0.15276818,-0.009075476,0.2,-0.01188138,0.047162037,0.37356004,0,0
0.1624898,-0.009653004,0.2,-0.01188138,0.047162037,0.37356004,0,0
0.17221142,-0.010230532,0.2,-0.01188138,0.047162037,0.37356004,0,0
0.18332185,-0.010890564,0.2,-0.01188138,0.047162037,0.37356004,0,0
0.19304347,-0.011468092,0.2,-0.01188138,0.047162037,0.37356004,0,0
0.20276509,-0.01204562,0.2,-0.01188138,0.047162037,0.37356004,0,0
0.21248671,-0.012623148,0.2,-0.01188138,0.047162037,0.37356004,0,0
0.22359714,-0.01328318,0.2,-0.01188138,0.047162037,0.37356004,0,0
0.23331876,-0.013860708,0.2,-0.01188138,0.047162037,0.37356004,0,0
0.24304038,-0.014438236,0.2,-0.01188138,0.047162037,0.37356004,0,0
0.252762,-0.015015764,0.2,-0.01188138,0.033274036,0.37356004,-1,0
0.2624835,-0.015593292,0.2,-0.01188138,0.008970033,0.37356004,-1,0
0.2735938,-0.016253324,0.2,-0.01188138,-0.018805968,0.37356004,-1,0
0.28331533,-0.016830852,0.2,-0.01188138,-0.04310997,0.37356004,-1,0
0.29303685,-0.01740838,0.2,-0.01188138,-0.04658197,0.37356004,0,0
0.30275837,-0.017985908,0.2,-0.01188138,-0.04658197,0.37356004,0,0
0.31247988,-0.018563436,0.2,-0.01188138,-0.04658197,0.37356004,0,0
0.3235902,-0.019223468,0.2,-0.01188138,-0.04658197,0.37356004,0,0
0.3333117,-0.019800996,0.2,-0.01188138,-0.04658197,0.37356004,0,0
0.34303322,-0.020378524,0.2,-0.01188138,-0.04658197,0.37356004,0,0
0.35275474,-0.020956052,0.2,-0.01188138,-0.04658197,0.37356004,0,0
0.36247626,-0.02153358,0.2,-0.01188138,-0.04658197,0.37356004,0,0
0.37219778,-0.022111109,0.2,-0.01188138,-0.04658197,0.37356004,0,0
0.38330808,-0.02277114,0.2,-0.01188138,-0.04658197,0.37356004,0,0
0.3930296,-0.023348669,0.2,-0.01188138,-0.04658197,0.37356004,0,0
0.40275112,-0.023926197,0.2,-0.01188138,-0.04658197,0.37356004,0,0
0.41247264,-0.024503725,0.2,-0.01188138,-0.04658197,0.37356004,0,0
0.42358294,-0.025163757,0.2,-0.01188138,-0.04658197,0.37356004,0,0
0.43330446,-0.025741285,0.2,-0.01188138,-0.04658197,0.37356004,0,0
0.44302598,-0.026318813,0.2,-0.01188138,-0.04658197,0.37356004,0,0
0.4527475,-0.02689634,0.2,-0.01188138,-0.04658197,0.37356004,0,0
0.462469,-0.027473869,0.2,-0.01188138,-0.04658197,0.37356004,0,0
0.47357932,-0.0281339,0.2,-0.01188138,-0.04658197,0.37356004,0,0
0.48330083,-0.028711429,0.2,-0.01188138,-0.04658197,0.37356004,0,0
0.49302235,-0.029288957,0.2,-0.01188138,-0.04658197,0.37356004,0,0
0.0083328,0.0012594481,0.2,0.030228691,-0.04658197,0.37356004,0,0
0.018054402,0.0027288042,0.2,0.030228691,-0.04658197,0.37356004,0,0
0.029164797,0.0044080685,0.2,0.030228691,-0.04658197,0.37356004,0,0
0.038886394,0.0058774245,0.2,0.030228691,-0.04658197,0.37356004,0,0
0.04860799,0.0073467805,0.2,0.030228691,-0.04658197,0.37356004,0,0
0.058329586,0.008816137,0.2,0.030228691,-0.04658197,0.37356004,0,0
0.0680512,0.010285493,0.2,0.030228691,-0.04658197,0.37356004,0,0
0.07777282,0.011754849,0.2,0.030228691,-0.04658197,0.37356004,0,0
0.08888324,0.013434113,0.2,0.030228691,-0.04658197,0.37356004,0,0
0.098604865,0.014903469,0.2,0.030228691,-0.04658197,0.37356004,0,0
0.10832649,0.016372828,0.2,0.030228691,-0.04658197,0.37356004,0,0
0.11804811,0.01784219,0.2,0.030228691,-0.04658197,0.37356004,0,0
0.12915853,0.019521462,0.2,0.030228691,-0.04658197,0.37356004,0,0
0.13888015,0.020990824,0.2,0.030228691,-0.04658197,0.37356004,0,0
0.14860177,0.022460187,0.2,0.030228691,-0.04658197,0.37356004,0,0
0.15832339,0.02392955,0.2,0.030228691,-0.04658197,0.37356004,0,0
0.16804501,0.025398912,0.2,0.030228691,-0.04658197,0.37356004,0,0
0.17776664,0.026868274,0.2,0.030228691,-0.04658197,0.37356004,0,0
0.18887706,0.028547546,0.2,0.030228691,-0.04658197,0.37356004,0,0
0.19859868,0.030016908,0.2,0.030228691,-0.04658197,0.37356004,0,0
0.2083203,0.03148627,0.2,0.030228691,-0.04658197,0.37356004,0,0
0.21804193,0.03295563,0.2,0.030228691,-0.04658197,0.37356004,0,0
0.22776355,0.034424994,0.2,0.030228691,-0.04658197,0.37356004,0,0
0.23887397,0.036104266,0.2,0.030228691,-0.04658197,0.37356004,0,0
0.2485956,0.037573628,0.2,0.030228691,-0.04658197,0.37356004,0,0
0.25831714,0.03904299,0.2,0.030228691,-0.04658197,0.37356004,0,0
0.26803866,0.040512353,0.2,0.030228691,-0.04658197,0.37356004,0,0
0.27776018,0.041981716,0.2,0.030228691,-0.04658197,0.37356004,0,0
0.28887048,0.043660987,0.2,0.030228691,-0.04658197,0.37356004,0,0
0.298592,0.04513035,0.2,0.030228691,-0.04658197,0.37356004,0,0
0.30831352,0.046599712,0.2,0.030228691,-0.04658197,0.37356004,0,0
0.31803504,0.048069075,0.2,0.030228691,-0.04658197,0.37356004,0,0
0.32775655,0.049538437,0.2,0.030228691,-0.04658197,0.37356004,0,0
0.33886686,0.05121771,0.2,0.030228691,-0.04658197,0.37356004,0,0
0.34858838,0.05268707,0.2,0.030228691,-0.04658197,0.37356004,0,0
0.3583099,0.054156434,0.2,0.030228691,-0.04658197,0.37356004,0,0
0.3680314,0.055625796,0.2,0.030228691,-0.04658197,0.37356004,0,0
0.37775293,0.05709516,0.2,0.030228691,-0.04658197,0.37356004,0,0
0.38886324,0.05877443,0.2,0.030228691,-0.04658197,0.37356004,0,0
0.39858475,0.060243793,0.2,0.030228691,-0.04658197,0.37356004,0,0
0.40830627,0.061713155,0.2,0.030228691,-0.04658197,0.37356004,0,0
0.4180278,0.0631825,0.2,0.030228691,-0.04658197,0.37356004,0,0
0.4277493,0.06465184,0.2,0.030228691,-0.04658197,0.37356004,0,0
0.4388596,0.06633108,0.2,0.030228691,-0.04658197,0.37356004,0,0
0.44858113,0.06780042,0.2,0.030228691,-0.04658197,0.37356004,0,0
0.45830265,0.069269754,0.2,0.030228691,-0.04658197,0.37356004,0,0
0.46802416,0.07073909,0.2,0.030228691,-0.04658197,0.37356004,0,0
0.47913447,0.07241833,0.2,0.030228691,-0.04658197,0.37356004,0,0
0.488856,0.07388767,0.2,0.030228691,-0.04658197,0.37356004,0,0
0.0041664,-7.3464635E-06,0.2,-0.00035265283,-0.04658197,0.37356004,0,0
0.013888001,-2.4488212E-05,0.2,-0.00035265283,-0.04658197,0.37356004,0,0
0.0236096,-4.1629963E-05,0.2,-0.00035265283,-0.04658197,0.37356004,0,0
0.033331197,-5.8771715E-05,0.2,-0.00035265283,-0.04658197,0.37356004,0,0
0.043052793,-7.591344E-05,0.2,-0.00035265283,-0.04658197,0.37356004,0,0
0.054163188,-9.550399E-05,0.2,-0.00035265283,-0.04658197,0.37356004,0,0
0.06388479,-0.000112645714,0.2,-0.00035265283,-0.04658197,0.37356004,0,0
0.07360641,-0.00012978747,0.2,-0.00035265283,-0.04658197,0.37356004,0,0
0.084716834,-0.00014937807,0.2,-0.00035265283,-0.04658197,0.36314404,0,-1
0.094438456,-0.00016651985,0.2,-0.00035265283,-0.04658197,0.33884004,0,-1
0.10416008,-0.00018366163,0.2,-0.00035265283,-0.04658197,0.31453604,0,-1
0.1138817,-0.0002008034,0.2,-0.00035265283,-0.04658197,0.29023203,0,-1
0.12360332,-0.00021794518,0.2,-0.00035265283,-0.04658197,0.26592803,0,-1
0.13471374,-0.00023753579,0.2,-0.00035265283,-0.04658197,0.23815203,0,-1
0.14304656,-0.00025222873,0.2,-0.00035265283,-0.04658197,0.21732002,0,-1
0.15415698,-0.00027181933,0.2,-0.00035265283,-0.04658197,0.18954402,0,-1
0.1638786,-0.0002889611,0.2,-0.00035265283,-0.04658197,0.16524002,0,-1
0.17360023,-0.00030610288,0.2,-0.00035265283,-0.04658197,0.14093602,0,-1
0.18332185,-0.00032324466,0.2,-0.00035265283,-0.04658197,0.116632015,0,-1
0.19443227,-0.00034283526,0.2,-0.00035265283,-0.04658197,0.08885601,0,-1
0.2041539,-0.00035997704,0.2,-0.00035265283,-0.04658197,0.06455201,0,-1
0.21387552,-0.00037711882,0.2,-0.00035265283,-0.04658197,0.040248007,0,-1
0.22359714,-0.0003942606,0.2,-0.00035265283,-0.04658197,0.015944004,0,-1
0.23331876,-0.00041140238,0.2,-0.00035265283,-0.04658197,-0.008359997,0,-1
0.24442919,-0.00043099298,0.2,-0.00035265283,-0.04658197,-0.036135998,0,-1
0.25415078,-0.00044813476,0.2,-0.00035265283,-0.04658197,-0.06044,0,-1
0.2638723,-0.00046527653,0.2,-0.00035265283,-0.04658197,-0.084744,0,-1
0.2735938,-0.0004824183,0.2,-0.00035265283,-0.04658197,-0.098632,0,0
0.28470412,-0.00050200877,0.2,-0.00035265283,-0.04658197,-0.098632,0,0
0.29442564,-0.00051915034,0.2,-0.00035265283,-0.04658197,-0.098632,0,0
0.30414715,-0.0005362919,0.2,-0.00035265283,-0.04658197,-0.081272,0,1
0.31386867,-0.0005534335,0.2,-0.00035265283,-0.04658197,-0.056967996,0,1
0.3235902,-0.00057057507,0.2,-0.00035265283,-0.04658197,-0.032663994,0,1
0.3333117,-0.00058771664,0.2,-0.00035265283,-0.04658197,-0.008359991,0,1
0.344422,-0.000607307,0.2,-0.00035265283,-0.04658197,0.01941601,0,1
0.35414353,-0.0006244486,0.2,-0.00035265283,-0.04658197,0.04372001,0,1
0.36386505,-0.00064159016,0.2,-0.00035265283,-0.04658197,0.06802401,0,1
0.37358657,-0.00065873173,0.2,-0.00035265283,-0.04658197,0.09232801,0,1
0.38330808,-0.0006758733,0.2,-0.00035265283,-0.04658197,0.116632015,0,1
0.3944184,-0.0006954637,0.2,-0.00035265283,-0.04658197,0.14440802,0,1
0.4041399,-0.00071260525,0.2,-0.00035265283,-0.04658197,0.16871202,0,1
0.41386142,-0.0007297468,0.2,-0.00035265283,-0.04658197,0.17218402,0,0
0.42358294,-0.0007468884,0.2,-0.00035265283,-0.04658197,0.17218402,0,0
0.43330446,-0.00076403,0.2,-0.00035265283,-0.04658197,0.17218402,0,0
0.44441476,-0.00078362034,0.2,-0.00035265283,-0.04658197,0.16871202,0,-1
0.45413628,-0.0008007619,0.2,-0.00035265283,-0.04658197,0.14440802,0,-1
0.4638578,-0.0008179035,0.2,-0.00035265283,-0.04658197,0.120104015,0,-1
0.47357932,-0.00083504507,0.2,-0.00035265283,-0.04658197,0.09580001,0,-1
0.38052803,-0.004517762,-0.25,-0.264291,-0.04658197,0.07149601,0,-1
0.36664015,-0.019199653,-0.25,-0.264291,-0.04658197,0.047192007,0,0
0.35448825,-0.032046307,-0.25,-0.264291,-0.04658197,0.047192007,0,0
0.34233636,-0.044892974,-0.25,-0.264291,-0.04658197,0.047192007,0,0
0.33018446,-0.05773964,-0.25,-0.264291,-0.04658197,0.047192007,0,0
0.31803256,-0.070586294,-0.25,-0.264291,-0.04658197,0.047192007,0,0
0.30414468,-0.08526817,-0.25,-0.264291,-0.04658197,0.047192007,0,0
0.29199278,-0.09811481,-0.25,-0.264291,-0.04658197,0.047192007,0,0
0.2798409,-0.11096145,-0.25,-0.264291,-0.04658197,0.047192007,0,0
0.267689,-0.12380809,-0.25,-0.264291,-0.04658197,0.047192007,0,0
0.2555371,-0.13665478,-0.25,-0.264291,-0.04658197,0.047192007,0,0
0.24164914,-0.15133671,-0.25,-0.264291,-0.07088597,0.047192007,-1,0
0.22949713,-0.16418341,-0.25,-0.264291,-0.09518997,0.047192007,-1,0
0.21734513,-0.1770301,-0.25,-0.264291,-0.119493976,0.047192007,-1,0
0.20519313,-0.1898768,-0.25,-0.264291,-0.14379798,0.047192007,-1,0
0.19130513,-0.20455873,-0.25,-0.264291,-0.15768598,0.047192007,0,0
0.17915313,-0.21740542,-0.25,-0.264291,-0.15768598,0.047192007,0,0
0.16700113,-0.23025212,-0.25,-0.264291,-0.15768598,0.047192007,0,0
0.15484913,-0.24309881,-0.25,-0.264291,-0.15768598,0.047192007,0,0
0.14269713,-0.25594544,-0.25,-0.264291,-0.15768598,0.047192007,0,0
0.13054512,-0.26879203,-0.25,-0.264291,-0.16810198,0.047192007,-1,0
0.11665712,-0.28347385,-0.25,-0.264291,-0.19587798,0.047192007,-1,0
0.10450512,-0.29632044,-0.25,-0.264291,-0.21323799,0.047192007,0,0
0.09235312,-0.30916703,-0.25,-0.264291,-0.21323799,0.047192007,0,0
0.08020112,-0.32201362,-0.25,-0.264291,-0.21323799,0.047192007,0,0
0.06631312,-0.33669543,-0.25,-0.264291,-0.21323799,0.047192007,0,0
0.054161116,-0.34954202,-0.25,-0.264291,-0.21323799,0.047192007,0,0
0.042009115,-0.3623886,-0.25,-0.264291,-0.21323799,0.047192007,0,0
0.029857114,-0.3752352,-0.25,-0.264291,-0.21323799,0.047192007,0,0
0.017705113,-0.3880818,-0.25,-0.264291,-0.21323799,0.047192007,0,0
0.0038171115,-0.4027636,-0.25,-0.264291,-0.21323799,0.047192007,0,0
-0.008334888,-0.4156102,-0.25,-0.264291,-0.21323799,0.047192007,0,0
-0.02048689,-0.42845678,-0.25,-0.264291,-0.21323799,0.047192007,0,0
-0.03263889,-0.44130337,-0.25,-0.264291,-0.21323799,0.047192007,0,0
-0.04479089,-0.45414996,-0.25,-0.264291,-0.21323799,0.047192007,0,0
-0.05694289,-0.46699655,-0.25,-0.264291,-0.21323799,0.047192007,0,0
-0.07083089,-0.48167837,-0.25,-0.264291,-0.21323799,0.047192007,0,0
-0.08298289,-0.47582388,-0.25,0.264291,-0.21323799,0.047192007,0,0
-0.09513489,-0.4629773,-0.25,0.264291,-0.21323799,0.047192007,0,0
-0.10728689,-0.4501307,-0.25,0.264291,-0.21323799,0.047192007,0,0
-0.119438894,-0.4372841,-0.25,0.264291,-0.21323799,0.047192007,0,0
-0.13332689,-0.4226023,-0.25,0.264291,-0.21323799,0.047192007,0,0
-0.14547889,-0.4097557,-0.25,0.264291,-0.21323799,0.047192007,0,0
-0.15763089,-0.39690912,-0.25,0.264291,-0.21323799,0.047192007,0,0
-0.16978289,-0.38406253,-0.25,0.264291,-0.21323799,0.047192007,0,0
-0.1819349,-0.37121594,-0.25,0.264291,-0.21323799,0.047192007,0,0
-0.1958229,-0.35653412,-0.25,0.264291,-0.21323799,0.047192007,0,0
-0.2079749,-0.34368753,-0.25,0.264291,-0.21323799,0.047192007,0,0
-0.2201269,-0.33084095,-0.25,0.264291,-0.21323799,0.047192007,0,0
-0.2322789,-0.31799436,-0.25,0.264291,-0.21323799,0.047192007,0,0
-0.2444309,-0.30514777,-0.25,0.264291,-0.21323799,0.047192007,0,0
-0.25831884,-0.29046595,-0.25,0.264291,-0.21323799,0.047192007,0,0
-0.27047074,-0.27761936,-0.25,0.264291,-0.21323799,0.047192007,0,0
-0.28262264,-0.26477277,-0.25,0.264291,-0.21323799,0.047192007,0,0
-0.29477453,-0.25192618,-0.25,0.264291,-0.21323799,0.047192007,0,0
-0.30692643,-0.2390795,-0.25,0.264291,-0.21323799,0.047192007,0,0
-0.3208143,-0.22439757,-0.25,0.264291,-0.21323799,0.047192007,0,0
-0.3329662,-0.21155088,-0.25,0.264291,-0.21323799,0.047192007,0,0
-0.3451181,-0.19870418,-0.25,0.264291,-0.21323799,0.047192007,0,0
-0.35727,-0.18585749,-0.25,0.264291,-0.21323799,0.047192007,0,0
-0.3694219,-0.1730108,-0.25,0.264291,-0.21323799,0.047192007,0,0
-0.38330978,-0.15832886,-0.25,0.264291,-0.20629399,0.047192007,1,0
-0.37098002,-0.14845102,0.3125,0.19303486,-0.18198998,0.047192007,1,0
-0.35579005,-0.13906798,0.3125,0.19303486,-0.15768598,0.047192007,1,0
-0.34060007,-0.12968494,0.3125,0.19303486,-0.13338198,0.047192007,1,0
-0.3232401,-0.11896147,0.3125,0.19303486,-0.105605975,0.047192007,1,0
-0.30805013,-0.10957843,0.3125,0.19303486,-0.08130197,0.047192007,1,0
-0.29286015,-0.10019539,0.3125,0.19303486,-0.05699797,0.047192007,1,0
-0.27767017,-0.090812355,0.3125,0.19303486,-0.032693967,0.047192007,1,0
-0.2624802,-0.08142932,0.3125,0.19303486,-0.008389965,0.047192007,1,0
-0.24729022,-0.07204628,0.3125,0.19303486,0.015914036,0.047192007,1,0
-0.22993025,-0.06132281,0.3125,0.19303486,0.043690037,0.047192007,1,0
-0.21474028,-0.05193977,0.3125,0.19303486,0.047162037,0.047192007,0,0
-0.1995503,-0.042556733,0.3125,0.19303486,0.047162037,0.047192007,0,0
-0.18436033,-0.033173695,0.3125,0.19303486,0.047162037,0.047192007,0,0
-0.16700035,-0.022450224,0.3125,0.19303486,0.047162037,0.047192007,0,0
-0.15181038,-0.013067186,0.3125,0.19303486,0.047162037,0.047192007,0,0
-0.1366204,-0.0036841482,0.3125,0.19303486,0.047162037,0.07149601,0,1
-0.12143043,0.0056988895,0.3125,0.19303486,0.047162037,0.09580001,0,1
-0.10624045,0.015081927,0.3125,0.19303486,0.047162037,0.120104015,0,1
-0.08888048,0.025805399,0.3125,0.19303486,0.047162037,0.14788002,0,1
-0.073690504,0.035188437,0.3125,0.19303486,0.047162037,0.17218402,0,1
-0.05850052,0.044571474,0.3125,0.19303486,0.047162037,0.19648802,0,1
-0.04331052,0.053954512,0.3125,0.19303486,0.047162037,0.22079203,0,1
-0.028120518,0.06333755,0.3125,0.19303486,0.047162037,0.24509603,0,1
-0.010760516,0.07406102,0.3125,0.19303486,0.047162037,0.27287203,0,1
0.0044294847,0.08344406,0.3125,0.19303486,0.047162037,0.29717603,0,1
0.019619485,0.0928271,0.3125,0.19303486,0.047162037,0.32148004,0,1
0.034809485,0.102210134,0.3125,0.19303486,0.047162037,0.34578404,0,1
0.049999487,0.11159317,0.3125,0.19303486,0.047162037,0.37008804,0,1
0.06518948,0.12097621,0.3125,0.19303486,0.047162037,0.39439204,0,1
0.08254945,0.13169968,0.3125,0.19303486,0.047162037,0.42216805,0,1
0.09773943,0.14108272,0.3125,0.19303486,0.047162037,0.425,0,1
0.112929404,0.15046576,0.3125,0.19303486,0.047162037,0.425,0,1
0.12811938,0.1598488,0.3125,0.19303486,0.047162037,0.425,0,1
0.14330935,0.16923183,0.3125,0.19303486,0.047162037,0.425,0,1
0.16066933,0.1799553,0.3125,0.19303486,0.047162037,0.425,0,1
0.1758593,0.18933834,0.3125,0.19303486,0.047162037,0.425,0,1
0.19104928,0.19872138,0.3125,0.19303486,0.047162037,0.425,0,1
0.20623925,0.20810442,0.3125,0.19303486,0.047162037,0.425,0,1
0.22359923,0.21882789,0.3125,0.19303486,0.047162037,0.425,0,0
0.2387892,0.22821093,0.3125,0.19303486,0.047162037,0.425,0,0
0.25397918,0.23759396,0.3125,0.19303486,0.047162037,0.425,0,0
0.26916915,0.246977,0.3125,0.19303486,0.047162037,0.425,0,0
0.28435913,0.2563601,0.3125,0.19303486,0.047162037,0.425,0,0
0.3017191,0.2670837,0.3125,0.19303486,0.047162037,0.425,0,0
0.31690907,0.27646685,0.3125,0.19303486,0.047162037,0.425,0,0
0.33209905,0.28585,0.3125,0.19303486,0.047162037,0.425,0,0
0.34728903,0.29523313,0.3125,0.19303486,0.047162037,0.425,0,0
0.362479,0.30461627,0.3125,0.19303486,0.047162037,0.425,0,0
0.37766898,0.3139994,0.3125,0.19303486,0.047162037,0.425,0,0
0.39502895,0.324723,0.3125,0.19303486,0.047162037,0.425,0,0
0.41021892,0.33410615,0.3125,0.19303486,0.047162037,0.425,0,0
0.4254089,0.3434893,0.3125,0.19303486,0.047162037,0.425,0,0
0.36772507,0.32743275,-0.390625,-0.41755348,0.047162037,0.425,0,0
0.34873766,0.30713627,-0.390625,-0.41755348,0.047162037,0.425,0,0
0.32703775,0.2839403,-0.390625,-0.41755348,0.047162037,0.425,0,0
0.30805033,0.2636438,-0.390625,-0.41755348,0.047162037,0.425,0,0
0.28906292,0.24334732,-0.390625,-0.41755348,0.047162037,0.425,0,0
0.2700755,0.22305083,-0.390625,-0.41755348,0.047162037,0.425,0,0
0.25108808,0.20275435,-0.390625,-0.41755348,0.047162037,0.425,0,0
0.22938806,0.17955837,-0.390625,-0.41755348,0.029802036,0.425,-1,0
0.21040054,0.15926188,-0.390625,-0.41755348,0.0054980335,0.425,-1,0
0.19141302,0.1389654,-0.390625,-0.41755348,-0.018805968,0.425,-1,0
0.1724255,0.118668936,-0.390625,-0.41755348,-0.04310997,0.425,-1,0
0.15072547,0.095473014,-0.390625,-0.41755348,-0.07088597,0.425,-1,0
0.13173795,0.07517658,-0.390625,-0.41755348,-0.09518997,0.425,-1,0
0.112750426,0.05488015,-0.390625,-0.41755348,-0.119493976,0.425,-1,0
0.093762904,0.034583718,-0.390625,-0.41755348,-0.14379798,0.425,-1,0
0.07477538,0.014287285,-0.390625,-0.41755348,-0.16810198,0.425,-1,0
0.055787873,-0.006009154,-0.390625,-0.41755348,-0.19240598,0.425,-1,0
0.034087878,-0.02920508,-0.390625,-0.41755348,-0.22018199,0.425,-1,0
0.015100382,-0.049501512,-0.390625,-0.41755348,-0.24448599,0.425,-1,0
-0.0038871155,-0.06979795,-0.390625,-0.41755348,-0.26878998,0.425,-1,0
-0.022874612,-0.09009438,-0.390625,-0.41755348,-0.29309398,0.425,-1,0
-0.041862108,-0.11039081,-0.390625,-0.41755348,-0.31739798,0.425,-1,0
-0.0635621,-0.13358675,-0.390625,-0.41755348,-0.34517398,0.425,-1,0
-0.082549624,-0.15388323,-0.390625,-0.41755348,-0.369478,0.425,-1,0
-0.101537146,-0.17417972,-0.390625,-0.41755348,-0.393782,0.425,-1,0
-0.12052467,-0.1944762,-0.390625,-0.41755348,-0.418086,0.425,-1,0
-0.14222468,-0.21767218,-0.390625,-0.41755348,-0.425,0.425,-1,0
-0.1612122,-0.23796867,-0.390625,-0.41755348,-0.425,0.425,-1,0
-0.18019973,-0.25826514,-0.390625,-0.41755348,-0.425,0.425,-1,0
-0.19918725,-0.27856162,-0.390625,-0.41755348,-0.425,0.425,-1,0
-0.21817477,-0.2988581,-0.390625,-0.41755348,-0.425,0.425,0,0
-0.23716229,-0.3191546,-0.390625,-0.41755348,-0.425,0.425,0,0
-0.25886226,-0.34235057,-0.390625,-0.41755348,-0.425,0.425,0,0
-0.27784967,-0.36264706,-0.390625,-0.41755348,-0.425,0.425,0,0
-0.2968371,-0.38294354,-0.390625,-0.41755348,-0.425,0.425,0,0
-0.3158245,-0.40324003,-0.390625,-0.41755348,-0.425,0.425,0,0
-0.3375244,-0.426436,-0.390625,-0.41755348,-0.425,0.425,0,0
-0.35651183,-0.4467325,-0.390625,-0.41755348,-0.425,0.425,0,0
-0.37549925,-0.46702898,-0.390625,-0.41755348,-0.425,0.425,0,0
-0.37382817,-0.485,0.48828125,0.3491338,-0.425,0.425,0,0
-0.3500939,-0.4680293,0.48828125,0.3491338,-0.425,0.425,0,0
-0.32635963,-0.45105857,0.48828125,0.3491338,-0.425,0.425,0,0
-0.29923475,-0.43166345,0.48828125,0.3491338,-0.400696,0.425,1,0
-0.27889085,-0.41711697,0.48828125,0.3491338,-0.3798638,0.425,1,0
-0.25176406,-0.39772066,0.48828125,0.3491338,-0.35208613,0.425,1,0
-0.22802812,-0.3807489,0.48828125,0.3491338,-0.32778066,0.425,1,0
-0.20090133,-0.3613526,0.48828125,0.3491338,-0.300003,0.425,1,0
-0.17716539,-0.34438083,0.48828125,0.3491338,-0.27569753,0.425,1,0
-0.15342945,-0.32740906,0.48828125,0.3491338,-0.25139207,0.425,1,0
-0.12969351,-0.3104373,0.48828125,0.3491338,-0.2270865,0.425,1,0
-0.10595761,-0.29346552,0.48828125,0.3491338,-0.20278093,0.425,1,0
-0.082221724,-0.27649376,0.48828125,0.3491338,-0.19930871,0.425,0,0
-0.055094995,-0.25709745,0.48828125,0.3491338,-0.19930871,0.425,0,0
-0.031359106,-0.24012569,0.48828125,0.3491338,-0.19930871,0.425,0,0
-0.007623215,-0.22315392,0.48828125,0.3491338,-0.19930871,0.425,0,0
0.01611268,-0.20618215,0.48828125,0.3491338,-0.19930871,0.425,0,0
0.04323941,-0.18678585,0.48828125,0.3491338,-0.19930871,0.425,0,0
0.0669753,-0.16981408,0.48828125,0.3491338,-0.19930871,0.425,0,0
0.09071119,-0.15284231,0.48828125,0.3491338,-0.19930871,0.425,0,0
0.11444708,-0.13587055,0.48828125,0.3491338,-0.19930871,0.425,0,0
0.138183,-0.11889878,0.48828125,0.3491338,-0.19930871,0.425,0,0
0.16530979,-0.099502474,0.48828125,0.3491338,-0.19930871,0.425,0,0
0.18904573,-0.08253071,0.48828125,0.3491338,-0.19930871,0.425,0,0
0.21278167,-0.06555894,0.48828125,0.3491338,-0.19930871,0.425,0,0
0.24191016,-0.044731326,0.48828125,0.3491338,-0.19930871,0.425,0,0
0.2703932,-0.02436519,0.48828125,0.3491338,-0.19930871,0.425,0,0
0.29819387,-0.004486908,0.48828125,0.3491338,-0.19930871,0.425,0,0
0.32192814,0.012483787,0.48828125,0.3491338,-0.19930871,0.425,0,0
0.34566242,0.029454485,0.48828125,0.3491338,-0.19930871,0.425,0,0
0.3693967,0.046425182,0.48828125,0.3491338,-0.19930871,0.425,0,0
0.39313096,0.06339588,0.48828125,0.3491338,-0.19930871,0.425,0,0
0.41686523,0.08036655,0.48828125,0.3491338,-0.19930871,0.425,0,0
0.4439901,0.099761605,0.48828125,0.3491338,-0.19930871,0.425,0,0
0.46772438,0.11673228,0.48828125,0.3491338,-0.19930871,0.425,0,0
0.49145865,0.13370298,0.48828125,0.3491338,-0.19930871,0.425,0,0
